claim_id,instance_id,claim_number,patient_name,service_date,transaction_date,payer,payer_id,charges,sequence,status,status_detail,provider,workgroup,has_remit,is_held,is_open,notice_code,scraped_at,pdf_path,pdf_downloaded,pdf_error
11797900070,12295632359,PV410009492,"DAVILA ARAQUE, ADRIAN J",5/20/2026,06/17/2026,HEALTHFIRST (80141),80141,300.0,1,Rejected by Waystar,Original Reference Number or Payer Claim Control Number required when Claim Frequency Code is 7 (replacement) or 8 (void). [X12 Info: 2300-REF02],"ANTONETTE, MARIE",Manhattan Cluster,False,False,False,0,2026-06-17T18:02:33.795715+00:00,pdfs/rejected_2024_2026/PV410009492_11797900070.pdf,True,
11797900091,12295256128,PV49976018,"YIM, CHOI LO",5/20/2026,06/17/2026,HEALTHFIRSTMEDICARE (80141),80141,270.0,1,Rejected by Waystar,Original Reference Number or Payer Claim Control Number required when Claim Frequency Code is 7 (replacement) or 8 (void). [X12 Info: 2300-REF02],"TAO, CHINGWEN",Manhattan Cluster,False,False,False,0,2026-06-17T18:02:33.796754+00:00,pdfs/rejected_2024_2026/PV49976018_11797900091.pdf,True,
11797899206,12295203715,PV410448957,"VASQUEZ, RUTH",5/20/2026,06/17/2026,HEALTHFIRSTMEDICAID (80141),80141,270.0,1,Rejected by Waystar,Original Reference Number or Payer Claim Control Number required when Claim Frequency Code is 7 (replacement) or 8 (void). [X12 Info: 2300-REF02],"ANTONETTE, MARIE",Manhattan Cluster,False,False,False,0,2026-06-17T18:02:33.797718+00:00,pdfs/rejected_2024_2026/PV410448957_11797899206.pdf,True,
11797899660,12295113157,PV410316591,"GARCIA, LAURA",5/19/2026,06/17/2026,METROPLUS (13265),13265,280.0,1,Rejected by Waystar,Original Reference Number or Payer Claim Control Number required when Claim Frequency Code is 7 (replacement) or 8 (void). [X12 Info: 2300-REF02],"ANTONETTE, MARIE",Manhattan Cluster,False,False,False,0,2026-06-17T18:02:33.798478+00:00,pdfs/rejected_2024_2026/PV410316591_11797899660.pdf,True,
11942607377,12292945063,PV410551348,"DYER, NADINE",6/15/2026,06/17/2026,EMBLEMHIP (55247),55247,300.0,1,Rejected by Waystar,PATIENT/SUBSCRIBER ZIP CODE (00000) is invalid. Value must be a valid Zip Code as defined by the US Postal Service. This information can be verified at www.USPS.com. [X12 Info: 2010BA-N403],"MISHRA, STUTI",Lower Brooklyn Cluster,False,False,False,0,2026-06-17T18:02:33.799224+00:00,pdfs/rejected_2024_2026/PV410551348_11942607377.pdf,True,
11942608049,12292944795,PV49982530,"MIRVILLE, JEAN",6/10/2026,06/17/2026,UNITED AMERICAN INSURANCE COMPANY,,440.0,1,Rejected - Name Matching Required,Payer Name Matching required. [X12 Info: 2010BB-NM1],"EZENWUGO, CHIBUZO",Upper Brooklyn Cluster,False,True,False,101,2026-06-17T18:02:33.799865+00:00,pdfs/rejected_2024_2026/PV49982530_11942608049.pdf,True,
11942608707,12292944637,PV410478694,"EMMANUEL, TATIANA",6/15/2026,06/17/2026,GEICO INSURANCE (J1747),J1747,300.0,1,Rejected by Waystar,"Type of Accident Required When Accident Date Is Present. Acceptable values are AA = Auto Accident, EM = Employment, OA = Other Accident. [X12 Info: 2300-CLM11]","PARMAR, JANVIBEN",Queens Cluster,False,False,False,0,2026-06-17T18:02:33.800628+00:00,pdfs/rejected_2024_2026/PV410478694_11942608707.pdf,True,
11942607170,12292944284,PV410470118,"JACKSON, JASMINE",6/15/2026,06/17/2026,GEICO INSURANCE (J1747),J1747,360.0,1,Rejected by Waystar,"Type of Accident Required When Accident Date Is Present. Acceptable values are AA = Auto Accident, EM = Employment, OA = Other Accident. [X12 Info: 2300-CLM11]","ANTONETTE, MARIE",Manhattan Cluster,False,False,False,0,2026-06-17T18:02:33.801855+00:00,pdfs/rejected_2024_2026/PV410470118_11942607170.pdf,True,
11942602345,12292943707,PV410497966,"GONZAGA, AMY",6/15/2026,06/17/2026,GEICO INSURANCE (J1747),J1747,300.0,1,Rejected by Waystar,"Type of Accident Required When Accident Date Is Present. Acceptable values are AA = Auto Accident, EM = Employment, OA = Other Accident. [X12 Info: 2300-CLM11]","AYAD, KIRELLOS",Queens Cluster,False,False,False,0,2026-06-17T18:02:33.802872+00:00,pdfs/rejected_2024_2026/PV410497966_11942602345.pdf,True,
11942598258,12292943346,PV410454253,"GAMEZ, ADALJIRA",6/15/2026,06/17/2026,US FAMILY HEALTH PLAN (90551),90551,350.0,1,Rejected by Payer,AP0585 MEMBER ID IS NOT FOUND. ,"ELHADDAD, NOORHAN",Lower Brooklyn Cluster,False,False,False,2,2026-06-17T18:02:33.803868+00:00,pdfs/rejected_2024_2026/PV410454253_11942598258.pdf,True,
11618885555,12286596367,PV410156752,"ATKIN, KAKALI",4/24/2026,06/16/2026,MEDICARE B NEW YORK EMPIRE (SMNY0),SMNY0,280.0,1,Rejected by Payer,Duplicate of a previously processed claim or service line. [X12 Info: Prof:2400-SV1 Inst:2400-SV2],"TORIO, ELOISA",Queens Cluster,True,False,False,2,2026-06-17T18:02:33.804886+00:00,pdfs/rejected_2024_2026/PV410156752_11618885555.pdf,True,
11637807189,12286123281,PV410022110,"RUBIO, MIGUEL",4/27/2026,06/16/2026,ELDERPLAN HOMEFIRST (11334),11334,280.0,1,Rejected by Waystar,"Subscriber Cannot Be An Organization When Patient Relationship to Insured = Self (18). [X12 Info: 2000B-SBR02]Patient Name must be the same as Subscriber Name when Patient Relationship to Insured is ""Self."" [X12 Info: 2010CA-NM1]","HASSANEN, MOAMEN",Bronx Cluster,True,False,False,0,2026-06-17T18:02:33.805837+00:00,pdfs/rejected_2024_2026/PV410022110_11637807189.pdf,True,
11690695435,12284138728,PV410330626,"RIOS ALGARIN, NOEMI",5/1/2026,06/16/2026,MEDICARE NEW YORK NGS (SMNY0),SMNY0,250.0,1,Rejected by Waystar,"Patient Name must be the same as Subscriber Name when Patient Relationship to Insured is ""Self."" [X12 Info: 2010CA-NM1]","METWALLY, SALMA",Manhattan Cluster,True,False,False,0,2026-06-17T18:02:33.806770+00:00,pdfs/rejected_2024_2026/PV410330626_11690695435.pdf,True,
11658316096,12284133443,PV410330626,"RIOS ALGARIN, NOEMI",4/29/2026,06/16/2026,MEDICARE NEW YORK NGS (SMNY0),SMNY0,250.0,1,Rejected by Waystar,"Patient Name must be the same as Subscriber Name when Patient Relationship to Insured is ""Self."" [X12 Info: 2010CA-NM1]","METWALLY, SALMA",Manhattan Cluster,True,False,False,0,2026-06-17T18:02:33.807750+00:00,pdfs/rejected_2024_2026/PV410330626_11658316096.pdf,True,
11933456300,12283515334,PV410364731,"OCHOA, ELAINE",6/12/2026,06/16/2026,WELLCARE (11334),11334,420.0,1,Rejected by Payer,"Claim has been Rejected as unprocessable. Cannot provide further status electronically. [X12 Info: 2300-CLM]CLAIM HAS BEEN REJECTED FOR MISSING OR INVALID INFORMATION. FURTHER INFORMATION MAY NOT HAVE BEEN PROVIDED BY THE PAYER. . [X12 Info: 2300-CLM]Claim Has Been Returned as Unprocessable. Refer to accompanying rejection message (if present) for details. [X12 INFO: 2300-CLM] [PATTERN 4087] PER CMS GUIDELINES, PAYMENT FOR PROCEDURE CODE 97010 IS ALWAYS BUNDLED INTO PAYMENT FOR OTHER SERVICES NOT SPECIFIED AND NO SEPARATE PAYMENT IS MADE. ","HASSANEN, MOAMEN",Manhattan Cluster,False,False,False,2,2026-06-17T18:02:33.808598+00:00,pdfs/rejected_2024_2026/PV410364731_11933456300.pdf,True,
11933456303,12283515097,PV410501537,"WOLFE, CAROLE",5/19/2026,06/16/2026,WELLCARE (11334),11334,470.0,1,Rejected by Payer,"Claim has been Rejected as unprocessable. Cannot provide further status electronically. [X12 Info: 2300-CLM]CLAIM HAS BEEN REJECTED FOR MISSING OR INVALID INFORMATION. FURTHER INFORMATION MAY NOT HAVE BEEN PROVIDED BY THE PAYER. . [X12 Info: 2300-CLM]Claim Has Been Returned as Unprocessable. Refer to accompanying rejection message (if present) for details. [X12 INFO: 2300-CLM] [PATTERN 4087] PER CMS GUIDELINES, PAYMENT FOR PROCEDURE CODE 97010 IS ALWAYS BUNDLED INTO PAYMENT FOR OTHER SERVICES NOT SPECIFIED AND NO SEPARATE PAYMENT IS MADE. ","HASSANEN, MOAMEN",Manhattan Cluster,False,False,False,2,2026-06-17T18:02:33.809462+00:00,pdfs/rejected_2024_2026/PV410501537_11933456303.pdf,True,
11933456432,12283515016,PV410481028,"GONZALEZ, MARGARITA",6/12/2026,06/16/2026,WELLCARE (11334),11334,200.0,1,Rejected by Payer,"Claim has been Rejected as unprocessable. Cannot provide further status electronically. [X12 Info: 2300-CLM]CLAIM HAS BEEN REJECTED FOR MISSING OR INVALID INFORMATION. FURTHER INFORMATION MAY NOT HAVE BEEN PROVIDED BY THE PAYER. . [X12 Info: 2300-CLM]Claim Has Been Returned as Unprocessable. Refer to accompanying rejection message (if present) for details. [X12 INFO: 2300-CLM] [PATTERN 4087] PER CMS GUIDELINES, PAYMENT FOR PROCEDURE CODE 97010 IS ALWAYS BUNDLED INTO PAYMENT FOR OTHER SERVICES NOT SPECIFIED AND NO SEPARATE PAYMENT IS MADE. ","TAO, CHINGWEN",Manhattan Cluster,False,False,False,2,2026-06-17T18:02:33.810313+00:00,pdfs/rejected_2024_2026/PV410481028_11933456432.pdf,True,
11933455051,12283514839,PV410508615,"SALAZAR, MARIA",6/12/2026,06/16/2026,WELLCARE (11334),11334,310.0,1,Rejected by Payer,"Claim has been Rejected as unprocessable. Cannot provide further status electronically. [X12 Info: 2300-CLM]CLAIM HAS BEEN REJECTED FOR MISSING OR INVALID INFORMATION. FURTHER INFORMATION MAY NOT HAVE BEEN PROVIDED BY THE PAYER. . [X12 Info: 2300-CLM]Claim Has Been Returned as Unprocessable. Refer to accompanying rejection message (if present) for details. [X12 INFO: 2300-CLM] [PATTERN 4087] PER CMS GUIDELINES, PAYMENT FOR PROCEDURE CODE 97010 IS ALWAYS BUNDLED INTO PAYMENT FOR OTHER SERVICES NOT SPECIFIED AND NO SEPARATE PAYMENT IS MADE. ","EZENWUGO, CHIBUZO",Upper Brooklyn Cluster,False,False,False,2,2026-06-17T18:02:33.811384+00:00,pdfs/rejected_2024_2026/PV410508615_11933455051.pdf,True,
11933454396,12283514666,PV410153651,"SUREEN, ARYAN",6/11/2026,06/16/2026,STATE FARM (J1548),J1548,280.0,1,Rejected by Waystar,"Type of Accident Required When Accident Date Is Present. Acceptable values are AA = Auto Accident, EM = Employment, OA = Other Accident. [X12 Info: 2300-CLM11]","BHAGAT, VIREN",Manhattan Cluster,False,False,False,0,2026-06-17T18:02:33.812273+00:00,pdfs/rejected_2024_2026/PV410153651_11933454396.pdf,True,
11933454400,12283514647,PV410470118,"JACKSON, JASMINE",6/11/2026,06/16/2026,GEICO INSURANCE (J1747),J1747,360.0,1,Rejected by Waystar,"Type of Accident Required When Accident Date Is Present. Acceptable values are AA = Auto Accident, EM = Employment, OA = Other Accident. [X12 Info: 2300-CLM11]","BHAGAT, VIREN",Manhattan Cluster,False,False,False,0,2026-06-17T18:02:33.813223+00:00,pdfs/rejected_2024_2026/PV410470118_11933454400.pdf,True,
11933453783,12283514173,PV410547514,"NATHANIEL, LESHAUN",6/13/2026,06/16/2026,EMBLEMHIP (55247),55247,430.0,1,Rejected by Waystar,Health Care Diagnosis Code (s) (G35) is invalid. Must be a valid Diagnosis Code for the date on which the service was performed. [X12 INFO: 2300-HI].,"METWALLY, SALMA",Manhattan Cluster,False,False,False,0,2026-06-17T18:02:33.814078+00:00,pdfs/rejected_2024_2026/PV410547514_11933453783.pdf,True,
11933453724,12283514085,PV410393622,"NIETHAMMER, MARTIN",6/13/2026,06/16/2026,NORTHWELL DIRECT (36149),36149,280.0,1,Rejected by Payer,"A3:21 CLAIM HAS BEEN REJECTED AS UNPROCESSABLE. MISSING OR INVALID INFORMATION. RESUBMIT TO ANTHEM. SERVICE PROVIDER METWALLY, SALMA (NPI : 1629877311 AND TIN : NULL), BILLING PROVIDER PHYSICAL THERAPY OF THE CITY (NPI : 1265940399 AND TIN : 823830674).","METWALLY, SALMA",Manhattan Cluster,False,False,False,2,2026-06-17T18:02:33.814992+00:00,pdfs/rejected_2024_2026/PV410393622_11933453724.pdf,True,
11933453720,12283514056,PV410393622,"NIETHAMMER, MARTIN",6/11/2026,06/16/2026,NORTHWELL DIRECT (36149),36149,280.0,1,Rejected by Payer,"A3:21 CLAIM HAS BEEN REJECTED AS UNPROCESSABLE. MISSING OR INVALID INFORMATION. RESUBMIT TO ANTHEM. SERVICE PROVIDER METWALLY, SALMA (NPI : 1629877311 AND TIN : NULL), BILLING PROVIDER PHYSICAL THERAPY OF THE CITY (NPI : 1265940399 AND TIN : 823830674).","METWALLY, SALMA",Manhattan Cluster,False,False,False,2,2026-06-17T18:02:33.815959+00:00,pdfs/rejected_2024_2026/PV410393622_11933453720.pdf,True,
11933449938,12283513308,PV410465762,"CHACON, LUZ",6/11/2026,06/16/2026,WELLCARE (11334),11334,395.0,1,Rejected by Payer,"Claim has been Rejected as unprocessable. Cannot provide further status electronically. [X12 Info: 2300-CLM]CLAIM HAS BEEN REJECTED FOR MISSING OR INVALID INFORMATION. FURTHER INFORMATION MAY NOT HAVE BEEN PROVIDED BY THE PAYER. . [X12 Info: 2300-CLM]Claim Has Been Returned as Unprocessable. Refer to accompanying rejection message (if present) for details. [X12 INFO: 2300-CLM] [PATTERN 4087] PER CMS GUIDELINES, PAYMENT FOR PROCEDURE CODE 97010 IS ALWAYS BUNDLED INTO PAYMENT FOR OTHER SERVICES NOT SPECIFIED AND NO SEPARATE PAYMENT IS MADE. ","TORIO, ELOISA",Queens Cluster,False,False,False,2,2026-06-17T18:02:33.816836+00:00,pdfs/rejected_2024_2026/PV410465762_11933449938.pdf,True,
11933449431,12283513208,PV410535088,"MANZO, ZOILA R",6/12/2026,06/16/2026,HUMANA (61101),61101,430.0,1,Rejected by Payer,"AP0579 FOR PROCEDURE CODE 97162, WE REQUIRE THE NAME AND NPI OF THE QUALIFIED HEALTHCARE PRACTITIONER WHO ORDERED OR REFERRED FOR THE SERVICE. QUESTIONS? CALL 1-800-AVAILITY. ","TORIO, ELOISA",Queens Cluster,False,False,False,2,2026-06-17T18:02:33.817735+00:00,pdfs/rejected_2024_2026/PV410535088_11933449431.pdf,True,
11933449959,12283513000,PV410449300,"BERCHARD, MELBA",6/11/2026,06/16/2026,WELLCARE (11334),11334,310.0,1,Rejected by Payer,"Claim has been Rejected as unprocessable. Cannot provide further status electronically. [X12 Info: 2300-CLM]CLAIM HAS BEEN REJECTED FOR MISSING OR INVALID INFORMATION. FURTHER INFORMATION MAY NOT HAVE BEEN PROVIDED BY THE PAYER. . [X12 Info: 2300-CLM]Claim Has Been Returned as Unprocessable. Refer to accompanying rejection message (if present) for details. [X12 INFO: 2300-CLM] [PATTERN 4087] PER CMS GUIDELINES, PAYMENT FOR PROCEDURE CODE 97010 IS ALWAYS BUNDLED INTO PAYMENT FOR OTHER SERVICES NOT SPECIFIED AND NO SEPARATE PAYMENT IS MADE. ","TORIO, ELOISA",Queens Cluster,False,False,False,2,2026-06-17T18:02:33.818578+00:00,pdfs/rejected_2024_2026/PV410449300_11933449959.pdf,True,
11933449969,12283512933,PV410449300,"BERCHARD, MELBA",6/13/2026,06/16/2026,WELLCARE (11334),11334,310.0,1,Rejected by Payer,"Claim has been Rejected as unprocessable. Cannot provide further status electronically. [X12 Info: 2300-CLM]CLAIM HAS BEEN REJECTED FOR MISSING OR INVALID INFORMATION. FURTHER INFORMATION MAY NOT HAVE BEEN PROVIDED BY THE PAYER. . [X12 Info: 2300-CLM]Claim Has Been Returned as Unprocessable. Refer to accompanying rejection message (if present) for details. [X12 INFO: 2300-CLM] [PATTERN 4087] PER CMS GUIDELINES, PAYMENT FOR PROCEDURE CODE 97010 IS ALWAYS BUNDLED INTO PAYMENT FOR OTHER SERVICES NOT SPECIFIED AND NO SEPARATE PAYMENT IS MADE. ","TORIO, ELOISA",Queens Cluster,False,False,False,2,2026-06-17T18:02:33.819435+00:00,pdfs/rejected_2024_2026/PV410449300_11933449969.pdf,True,
11933448225,12283512478,PV410472579,"PEREZ, CHRISTIAN",6/11/2026,06/16/2026,WELLCARE (11334),11334,260.0,1,Rejected by Payer,"Claim has been Rejected as unprocessable. Cannot provide further status electronically. [X12 Info: 2300-CLM]CLAIM HAS BEEN REJECTED FOR MISSING OR INVALID INFORMATION. FURTHER INFORMATION MAY NOT HAVE BEEN PROVIDED BY THE PAYER. . [X12 Info: 2300-CLM]Claim Has Been Returned as Unprocessable. Refer to accompanying rejection message (if present) for details. [X12 INFO: 2300-CLM] [PATTERN 4087] PER CMS GUIDELINES, PAYMENT FOR PROCEDURE CODE 97010 IS ALWAYS BUNDLED INTO PAYMENT FOR OTHER SERVICES NOT SPECIFIED AND NO SEPARATE PAYMENT IS MADE. ","MAHMOUD, MUHAMMAD ABDELFATTAH",Upper Brooklyn Cluster,False,False,False,2,2026-06-17T18:02:33.820281+00:00,pdfs/rejected_2024_2026/PV410472579_11933448225.pdf,True,
11933447408,12283512420,PV410542424,"HERIVEAUX, BERTHA",6/13/2026,06/16/2026,WELLCARE (11334),11334,210.0,1,Rejected by Payer,"Claim has been Rejected as unprocessable. Cannot provide further status electronically. [X12 Info: 2300-CLM]CLAIM HAS BEEN REJECTED FOR MISSING OR INVALID INFORMATION. FURTHER INFORMATION MAY NOT HAVE BEEN PROVIDED BY THE PAYER. . [X12 Info: 2300-CLM]Claim Has Been Returned as Unprocessable. Refer to accompanying rejection message (if present) for details. [X12 INFO: 2300-CLM] [PATTERN 4087] PER CMS GUIDELINES, PAYMENT FOR PROCEDURE CODE 97010 IS ALWAYS BUNDLED INTO PAYMENT FOR OTHER SERVICES NOT SPECIFIED AND NO SEPARATE PAYMENT IS MADE. ","OSMAN, DALIA",Upper Brooklyn Cluster,False,False,False,2,2026-06-17T18:02:33.821126+00:00,pdfs/rejected_2024_2026/PV410542424_11933447408.pdf,True,
11933447377,12283512392,PV410542424,"HERIVEAUX, BERTHA",6/11/2026,06/16/2026,WELLCARE (11334),11334,210.0,1,Rejected by Payer,"Claim has been Rejected as unprocessable. Cannot provide further status electronically. [X12 Info: 2300-CLM]CLAIM HAS BEEN REJECTED FOR MISSING OR INVALID INFORMATION. FURTHER INFORMATION MAY NOT HAVE BEEN PROVIDED BY THE PAYER. . [X12 Info: 2300-CLM]Claim Has Been Returned as Unprocessable. Refer to accompanying rejection message (if present) for details. [X12 INFO: 2300-CLM] [PATTERN 4087] PER CMS GUIDELINES, PAYMENT FOR PROCEDURE CODE 97010 IS ALWAYS BUNDLED INTO PAYMENT FOR OTHER SERVICES NOT SPECIFIED AND NO SEPARATE PAYMENT IS MADE. ","HASSANEN, MOAMEN",Upper Brooklyn Cluster,False,False,False,2,2026-06-17T18:02:33.822039+00:00,pdfs/rejected_2024_2026/PV410542424_11933447377.pdf,True,
11933446379,12283512138,PV49931925,"BAKU, ASLLAN",6/12/2026,06/16/2026,WELLCARE (11334),11334,410.0,1,Rejected by Payer,"Claim has been Rejected as unprocessable. Cannot provide further status electronically. [X12 Info: 2300-CLM]CLAIM HAS BEEN REJECTED FOR MISSING OR INVALID INFORMATION. FURTHER INFORMATION MAY NOT HAVE BEEN PROVIDED BY THE PAYER. . [X12 Info: 2300-CLM]Claim Has Been Returned as Unprocessable. Refer to accompanying rejection message (if present) for details. [X12 INFO: 2300-CLM] [PATTERN 4087] PER CMS GUIDELINES, PAYMENT FOR PROCEDURE CODE 97010 IS ALWAYS BUNDLED INTO PAYMENT FOR OTHER SERVICES NOT SPECIFIED AND NO SEPARATE PAYMENT IS MADE. ","ABDELSALAM, YASSER",Lower Brooklyn Cluster,False,False,False,2,2026-06-17T18:03:37.915589+00:00,pdfs/rejected_2024_2026/PV49931925_11933446379.pdf,True,
11933444527,12283511523,PV49954654,"ALBERT, JEROME H",6/11/2026,06/16/2026,WELLCARE (11334),11334,200.0,1,Rejected by Payer,"Claim has been Rejected as unprocessable. Cannot provide further status electronically. [X12 Info: 2300-CLM]CLAIM HAS BEEN REJECTED FOR MISSING OR INVALID INFORMATION. FURTHER INFORMATION MAY NOT HAVE BEEN PROVIDED BY THE PAYER. . [X12 Info: 2300-CLM]Claim Has Been Returned as Unprocessable. Refer to accompanying rejection message (if present) for details. [X12 INFO: 2300-CLM] [PATTERN 4087] PER CMS GUIDELINES, PAYMENT FOR PROCEDURE CODE 97010 IS ALWAYS BUNDLED INTO PAYMENT FOR OTHER SERVICES NOT SPECIFIED AND NO SEPARATE PAYMENT IS MADE. ","BALDANIYA, JANAK",Upper Brooklyn Cluster,False,False,False,2,2026-06-17T18:03:37.916399+00:00,pdfs/rejected_2024_2026/PV49954654_11933444527.pdf,True,
11893040025,12279132593,PV410530595,"WONG, RAYMOND",6/5/2026,06/15/2026,EMBLEMHIP (55247),55247,450.0,1,Rejected by Payer,REJECTED FOR INVALID INFORMATION - NO FURTHER INFORMATION PROVIDED BY THE PAYER [X12 INFO: 2300-CLM]CLAIM HAS BEEN REJECTED FOR MISSING OR INVALID INFORMATION. FURTHER INFORMATION MAY NOT HAVE BEEN PROVIDED BY THE PAYER. . [X12 Info: 2300-CLM]ACK REJECTED FOR INVALID INFORMATION. CLAIM ENCOUNTER HAS INVALID INFORMATION AS SPECIFIED IN STATUS DETAILS AND BEEN REJECTED. MISSING OR INVALID INFORMATION. [X12 INFO: 2300-CLM]EMBLEM UNABLE TO LOCATE ELIGIBILITY SPAN FOR THE PATIENT. [X12 INFO: 2010BA/CA-NM1] RECEIVER- ACKNOWLEDGEMENT/RETURNED AS UNPROCESSABLE CLAIM-THE CLAIM/ENCOUNTER HAS BEEN REJECTED AND HAS NOT BEEN ENTERED INTO THE ADJUDICATION SYSTEM - PATIENT ELIGIBILITY NOT FOUND WITH ENTITY ,"ABDELSALAM, YASSER",Lower Brooklyn Cluster,False,False,False,2,2026-06-17T18:03:37.917196+00:00,pdfs/rejected_2024_2026/PV410530595_11893040025.pdf,True,
11900883428,12279109400,PV410530595,"WONG, RAYMOND",6/8/2026,06/15/2026,EMBLEMHIP (55247),55247,300.0,1,Rejected by Payer,REJECTED FOR INVALID INFORMATION - NO FURTHER INFORMATION PROVIDED BY THE PAYER [X12 INFO: 2300-CLM]CLAIM HAS BEEN REJECTED FOR MISSING OR INVALID INFORMATION. FURTHER INFORMATION MAY NOT HAVE BEEN PROVIDED BY THE PAYER. . [X12 Info: 2300-CLM]ACK REJECTED FOR INVALID INFORMATION. CLAIM ENCOUNTER HAS INVALID INFORMATION AS SPECIFIED IN STATUS DETAILS AND BEEN REJECTED. MISSING OR INVALID INFORMATION. [X12 INFO: 2300-CLM]EMBLEM UNABLE TO LOCATE ELIGIBILITY SPAN FOR THE PATIENT. [X12 INFO: 2010BA/CA-NM1] RECEIVER- ACKNOWLEDGEMENT/RETURNED AS UNPROCESSABLE CLAIM-THE CLAIM/ENCOUNTER HAS BEEN REJECTED AND HAS NOT BEEN ENTERED INTO THE ADJUDICATION SYSTEM - PATIENT ELIGIBILITY NOT FOUND WITH ENTITY ,"ABDELSALAM, YASSER",Lower Brooklyn Cluster,False,False,False,2,2026-06-17T18:03:37.917995+00:00,pdfs/rejected_2024_2026/PV410530595_11900883428.pdf,True,
11690688399,12279050937,PV410233610,"PATTERSON, LORRAINE",5/2/2026,06/15/2026,MEDICARE NEW YORK NGS (SMNY0),SMNY0,220.0,1,Rejected by Payer,Duplicate of a previously processed claim or service line. [X12 Info: Prof:2400-SV1 Inst:2400-SV2],"JADAV, JHANVI",Lower Brooklyn Cluster,True,False,False,2,2026-06-17T18:03:37.918800+00:00,pdfs/rejected_2024_2026/PV410233610_11690688399.pdf,True,
11682539957,12279048667,PV410233610,"PATTERSON, LORRAINE",4/30/2026,06/15/2026,MEDICARE NEW YORK NGS (SMNY0),SMNY0,220.0,1,Rejected by Payer,Duplicate of a previously processed claim or service line. [X12 Info: Prof:2400-SV1 Inst:2400-SV2],"JADAV, JHANVI",Lower Brooklyn Cluster,True,False,False,2,2026-06-17T18:03:37.919591+00:00,pdfs/rejected_2024_2026/PV410233610_11682539957.pdf,True,
11825847396,12274161783,PV49975898,"MARIN SINISTERRA, LEONARD A",5/26/2026,06/14/2026,NEW JERSEY MANUFACTURERS INSURANCE (12122W),12122W,250.0,1,Rejected by Waystar,"Patient Name must be the same as Subscriber Name when Patient Relationship to Insured is ""Self."" [X12 Info: 2010CA-NM1]","THAKKAR, PARTH",Manhattan Cluster,False,False,False,0,2026-06-17T18:03:37.920415+00:00,pdfs/rejected_2024_2026/PV49975898_11825847396.pdf,True,
11839294274,12274160169,PV49975898,"MANIN SINISTERRA, LEONARD",5/28/2026,06/14/2026,NEW JERSEY MANUFACTURERS INSURANCE (12122W),12122W,250.0,1,Rejected by Waystar,"Patient Name must be the same as Subscriber Name when Patient Relationship to Insured is ""Self."" [X12 Info: 2010CA-NM1]","THAKKAR, PARTH",Manhattan Cluster,False,False,False,0,2026-06-17T18:03:37.921268+00:00,pdfs/rejected_2024_2026/PV49975898_11839294274.pdf,True,
11825842559,12267516933,PV410287673,"AIKENS, CASSANDRA",5/19/2026,06/12/2026,Aetna (60054),60054,260.0,1,Rejected by Payer,"Subscriber Is Not Eligible for Medical Benefits on the Submitted Dates of Service. Rejection Often Related to Missing or Invalid Group Number, Incorrect Patient or Subscriber Date of Birth, or Incorrect Subscriber Member ID. [X12 Info: 2010BA-NM1]","SHRESTHA, RADHESHYAM",Upper Brooklyn Cluster,True,False,False,2,2026-06-17T18:03:37.922092+00:00,pdfs/rejected_2024_2026/PV410287673_11825842559.pdf,True,
11804855991,12267513630,PV410287673,"AIKENS, CASSANDRA",5/21/2026,06/12/2026,Aetna (60054),60054,260.0,1,Rejected by Payer,"Subscriber Is Not Eligible for Medical Benefits on the Submitted Dates of Service. Rejection Often Related to Missing or Invalid Group Number, Incorrect Patient or Subscriber Date of Birth, or Incorrect Subscriber Member ID. [X12 Info: 2010BA-NM1]","SHRESTHA, RADHESHYAM",Upper Brooklyn Cluster,True,False,False,2,2026-06-17T18:03:37.922834+00:00,pdfs/rejected_2024_2026/PV410287673_11804855991.pdf,True,
11825842523,12267513779,PV410287673,"AIKENS, CASSANDRA",5/16/2026,06/12/2026,Aetna (60054),60054,410.0,1,Rejected by Payer,"Subscriber Is Not Eligible for Medical Benefits on the Submitted Dates of Service. Rejection Often Related to Missing or Invalid Group Number, Incorrect Patient or Subscriber Date of Birth, or Incorrect Subscriber Member ID. [X12 Info: 2010BA-NM1]","ABOUSHOKKA, MOSTAFA",Upper Brooklyn Cluster,True,False,False,2,2026-06-17T18:03:37.923255+00:00,pdfs/rejected_2024_2026/PV410287673_11825842523.pdf,True,
11915515829,12264982264,PV410530595,"WONG, RAYMOND",6/10/2026,06/12/2026,EMBLEMHIP (55247),55247,300.0,1,Rejected by Payer,REJECTED FOR INVALID INFORMATION - NO FURTHER INFORMATION PROVIDED BY THE PAYER [X12 INFO: 2300-CLM]CLAIM HAS BEEN REJECTED FOR MISSING OR INVALID INFORMATION. FURTHER INFORMATION MAY NOT HAVE BEEN PROVIDED BY THE PAYER. . [X12 Info: 2300-CLM]ACK REJECTED FOR INVALID INFORMATION. CLAIM ENCOUNTER HAS INVALID INFORMATION AS SPECIFIED IN STATUS DETAILS AND BEEN REJECTED. MISSING OR INVALID INFORMATION. [X12 INFO: 2300-CLM]EMBLEM UNABLE TO LOCATE ELIGIBILITY SPAN FOR THE PATIENT. [X12 INFO: 2010BA/CA-NM1] RECEIVER- ACKNOWLEDGEMENT/RETURNED AS UNPROCESSABLE CLAIM-THE CLAIM/ENCOUNTER HAS BEEN REJECTED AND HAS NOT BEEN ENTERED INTO THE ADJUDICATION SYSTEM - PATIENT ELIGIBILITY NOT FOUND WITH ENTITY ,"ABDELSALAM, YASSER",Lower Brooklyn Cluster,False,False,False,2,2026-06-17T18:03:37.923670+00:00,pdfs/rejected_2024_2026/PV410530595_11915515829.pdf,True,
11874401004,12260931557,PV410437037,"RIAZATI, ABBAS",6/3/2026,06/11/2026,BCBSPPO (SB803),SB803,300.0,1,Rejected by Payer,REJECTED FOR INVALID INFORMATION. RENDERING PROVIDER NOT ON FILE FOR THE BILLING PROVIDER ADDRESS SUBMITTED. PLEASE UTILIZE THE PROVIDER DATA MANAGEMENT AT WWW.AVAILITY.COM FOR NEW PROVIDER ADD OR CONTACT PROVIDER SERVICES. [X12 INFO: 2310B-NM1]ACKNOWLEDGEMENT/REJECTED FOR MISSING INFORMATION - THE CLAIM/ENCOUNTER IS MISSING THE INFORMATION SPECIFIED IN THE STATUS DETAILS AND HAS BEEN REJECTED. STATUS: ENTITY'S CREDENTIAL/ENROLLMENT INFORMATION. NOTE: THIS CODE REQUIRES USE OF AN ENTITY CODE. ENTITY: RENDERING PROVIDER. [X12 Info: Prof:2310B Inst:2310D],"Abdelaziz, Ammar",Queens Cluster,False,False,False,2,2026-06-17T18:03:37.924094+00:00,pdfs/rejected_2024_2026/PV410437037_11874401004.pdf,True,
11908500435,12260927422,PV410357939,"JARAMILLO, JOSHUA",3/10/2026,06/11/2026,NYCE PPO (26992),26992,535.0,1,Rejected by Payer,Duplicate of a previously processed claim or service line . [X12 Info: Prof:2400-SV1 Inst:2400-SV2]A3 P4999UDCP1 SMARTEDIT (UDCP1) THIS CLAIM APPEARS TO BE A DUPLICATE OF PREVIOUSLY SUBMITTED CLAIM ID [FU98587139] RECEIVED FOR PROCESSING ON [06/11/2026]. THIS CLAIM HAS BEEN REJECTED AND WILL NOT BE PROCESSED. ,"TAHA, AMMAR",Queens Cluster,False,False,False,2,2026-06-17T18:03:37.924884+00:00,pdfs/rejected_2024_2026/PV410357939_11908500435.pdf,True,
11908500439,12260927386,PV410357939,"JARAMILLO, JOSHUA",3/16/2026,06/11/2026,NYCE PPO (26992),26992,385.0,1,Rejected by Payer,Duplicate of a previously processed claim or service line . [X12 Info: Prof:2400-SV1 Inst:2400-SV2]A3 P4999UDCP1 SMARTEDIT (UDCP1) THIS CLAIM APPEARS TO BE A DUPLICATE OF PREVIOUSLY SUBMITTED CLAIM ID [FU98587125] RECEIVED FOR PROCESSING ON [06/11/2026]. THIS CLAIM HAS BEEN REJECTED AND WILL NOT BE PROCESSED. ,"TAHA, AMMAR",Queens Cluster,False,False,False,2,2026-06-17T18:03:37.925640+00:00,pdfs/rejected_2024_2026/PV410357939_11908500439.pdf,True,
11874400892,12260842414,PV410517609,"BUYER, JASON",5/28/2026,06/11/2026,ADVENTHEALTH ADVANTAGE PLAN (95019),95019,430.0,1,Rejected by Payer,CLAIM REJECTED FOR MISSING OR INVALID INFORMATION. THIS MESSAGE SHOULD BE ACCOMPANIED BY ANOTHER MORE DESCRIPTIVE REJECTION MESSAGE. [X12 Info: 2300-CLM] PATIENT ELIGIBILITY not found based on submitted information. Verify that the patient information on the claim and electronic payer ID matches the member's ID card exactly. [X12 Info: 2010CA-NM109]A7:88:IL REJECTED FOR INVALID INFORMATION. ENTITY NOT ELIGIBLE FOR BENEFITS FOR SUBMITTED DATES OF SERVICE. INSURED OR SUBSCRIBER MEMBER DOES NOT HAVE MANAGED CARE COVERAGE,"TORIO, ELOISA",Queens Cluster,False,False,False,2,2026-06-17T18:03:37.926449+00:00,pdfs/rejected_2024_2026/PV410517609_11874400892.pdf,True,
11900886382,12260354828,PV410437037,"RIAZATI, ABBAS",6/8/2026,06/11/2026,BCBSPPO (SB803),SB803,400.0,1,Rejected by Payer,REJECTED FOR INVALID INFORMATION. RENDERING PROVIDER NOT ON FILE FOR THE BILLING PROVIDER ADDRESS SUBMITTED. PLEASE UTILIZE THE PROVIDER DATA MANAGEMENT AT WWW.AVAILITY.COM FOR NEW PROVIDER ADD OR CONTACT PROVIDER SERVICES. [X12 INFO: 2310B-NM1]ACKNOWLEDGEMENT/REJECTED FOR MISSING INFORMATION - THE CLAIM/ENCOUNTER IS MISSING THE INFORMATION SPECIFIED IN THE STATUS DETAILS AND HAS BEEN REJECTED. STATUS: ENTITY'S CREDENTIAL/ENROLLMENT INFORMATION. NOTE: THIS CODE REQUIRES USE OF AN ENTITY CODE. ENTITY: RENDERING PROVIDER. [X12 Info: Prof:2310B Inst:2310D],"Abdelaziz, AMMAR",Queens Cluster,False,False,False,2,2026-06-17T18:03:37.927282+00:00,pdfs/rejected_2024_2026/PV410437037_11900886382.pdf,True,
11690692319,12259430733,PV410464612,"HARRISSMITH, DARLENE",5/4/2026,06/11/2026,EMBLEM MEDICAID (55247),55247,240.0,1,Rejected by Payer,Original Reference Number (Payer Claim Control Number) is invalid. Must be 12 digits for payer. Please use the ICN from the first submission of the claim. [X12 Info: 2300-REF02]REJECTED FOR INVALID INFORMATION - NO FURTHER INFORMATION PROVIDED BY THE PAYER [X12 INFO: 2300-CLM]CLAIM HAS BEEN REJECTED FOR MISSING OR INVALID INFORMATION. FURTHER INFORMATION MAY NOT HAVE BEEN PROVIDED BY THE PAYER. . [X12 Info: 2300-CLM]ACK REJECTED FOR INVALID INFORMATION. CLAIM ENCOUNTER HAS INVALID INFORMATION AS SPECIFIED IN STATUS DETAILS AND BEEN REJECTED. MISSING OR INVALID INFORMATION. [X12 INFO: 2300-CLM] 2026127T0044100 ORIGINAL REFERENCE NUMBER MUST BE 12 CHARACTERS. ,"HASSANEN, MOAMEN",Upper Brooklyn Cluster,True,False,False,2,2026-06-17T18:03:37.928213+00:00,pdfs/rejected_2024_2026/PV410464612_11690692319.pdf,True,
11682541962,12259332696,PV410464612,"HARRISSMITH, DARLENE",5/2/2026,06/11/2026,EMBLEM MEDICAID (55247),55247,390.0,1,Rejected by Payer,Original Reference Number (Payer Claim Control Number) is invalid. Must be 12 digits for payer. Please use the ICN from the first submission of the claim. [X12 Info: 2300-REF02]REJECTED FOR INVALID INFORMATION - NO FURTHER INFORMATION PROVIDED BY THE PAYER [X12 INFO: 2300-CLM]CLAIM HAS BEEN REJECTED FOR MISSING OR INVALID INFORMATION. FURTHER INFORMATION MAY NOT HAVE BEEN PROVIDED BY THE PAYER. . [X12 Info: 2300-CLM]ACK REJECTED FOR INVALID INFORMATION. CLAIM ENCOUNTER HAS INVALID INFORMATION AS SPECIFIED IN STATUS DETAILS AND BEEN REJECTED. MISSING OR INVALID INFORMATION. [X12 INFO: 2300-CLM] 2026126T0050600 ORIGINAL REFERENCE NUMBER MUST BE 12 CHARACTERS. ,"HASSANEN, MOAMEN",Upper Brooklyn Cluster,True,False,False,2,2026-06-17T18:03:37.929033+00:00,pdfs/rejected_2024_2026/PV410464612_11682541962.pdf,True,
11658318760,12259216627,PV410447669,"MIZEL, VICKI",4/25/2026,06/11/2026,MEDICARE NEW YORK NGS (SMNY0),SMNY0,400.0,1,Rejected by Payer,Duplicate of a previously processed claim or service line. [X12 Info: Prof:2400-SV1 Inst:2400-SV2],"TAHA, AMMAR",Queens Cluster,True,False,False,2,2026-06-17T18:03:37.929843+00:00,pdfs/rejected_2024_2026/PV410447669_11658318760.pdf,True,
11684440745,12258989431,PV49984575,"AHMAD, IFTIKHAR",4/28/2026,06/11/2026,MEDICARE NEW YORK NGS (SMNY0),SMNY0,250.0,1,Rejected by Payer,Duplicate of a previously processed claim or service line. [X12 Info: Prof:2400-SV1 Inst:2400-SV2],"TAHA, AMMAR",Queens Cluster,True,False,False,2,2026-06-17T18:03:37.930683+00:00,pdfs/rejected_2024_2026/PV49984575_11684440745.pdf,True,
11908500471,12257783383,PV410464197,"WILLIAMS, DANIELLE",5/20/2026,06/11/2026,EMBLEMHIP (55247),55247,300.0,1,Rejected by Payer,REJECTED FOR INVALID INFORMATION - NO FURTHER INFORMATION PROVIDED BY THE PAYER [X12 INFO: 2300-CLM]CLAIM HAS BEEN REJECTED FOR MISSING OR INVALID INFORMATION. FURTHER INFORMATION MAY NOT HAVE BEEN PROVIDED BY THE PAYER. . [X12 Info: 2300-CLM]ACK REJECTED FOR INVALID INFORMATION. CLAIM ENCOUNTER HAS INVALID INFORMATION AS SPECIFIED IN STATUS DETAILS AND BEEN REJECTED. MISSING OR INVALID INFORMATION. [X12 INFO: 2300-CLM]Duplicate of a previously processed claim or service line. [X12 Info: Prof:2400-SV1 Inst:2400-SV2],"TORIO, ELOISA",Queens Cluster,False,False,False,2,2026-06-17T18:03:37.931513+00:00,pdfs/rejected_2024_2026/PV410464197_11908500471.pdf,True,
11058895039,12252935680,PV410254009,"DAVIDSON, RENALDO",2/6/2026,06/10/2026,1199 (13162),13162,110.0,1,Rejected by Waystar,Original Reference Number or Payer Claim Control Number required when Claim Frequency Code is 7 (replacement) or 8 (void). [X12 Info: 2300-REF02],"CABUSAS, ABIGAIL BAGARA",Manhattan Cluster,False,False,False,0,2026-06-17T18:03:37.932332+00:00,pdfs/rejected_2024_2026/PV410254009_11058895039.pdf,True,
11833125020,12252476894,PV410349824,"HERRERA- HUAMAN, RICHARD LUIS",4/22/2026,06/10/2026,METROPLUS (13265),13265,310.0,1,Rejected by Intermediary,FH PREF0298:INVALID ORIGINAL REF NUMBER 012026.060130713,"HASSANEN, MOAMEN",Bronx Cluster,True,False,False,1,2026-06-17T18:03:37.933129+00:00,pdfs/rejected_2024_2026/PV410349824_11833125020.pdf,True,
11903086077,12252305802,,"DIAS, DONNETTE",4/28/2026,06/10/2026,MetroPlus Health Plan (13265),13265,280.0,1,Rejected by Waystar,Patient/Subscriber Address is missing. [X12 Info: 2010BA-N301]Patient or Subscriber Gender Code (Male/Female) is missing. [X12 Info: 2010CA-DMG03]Patient Address is invalid or missing. [X12 Info: 2010CA-N301]Patient Gender Code (Male/Female) is invalid or missing according to the payer's records. [X12 Info: 2010CA-DMG03]Place of Service is Missing. [X12 Info: 2300-CLM05:1]Provider Signature on File is Missing. [X12 Info: 2300-CLM06]PROVIDER ACCEPT ASSIGNMENT CODE is MISSING. [X12 Info: 2300-CLM07].Diagnosis Code (s) (13265) is Invalid. Must be a valid diagnosis code for the date on which the service was performed. [X12 Info: 2300-HI],"HASSANEN, MOAMEN",Upper Brooklyn Cluster,False,False,False,0,2026-06-17T18:03:37.933943+00:00,pdfs/rejected_2024_2026/unknown_11903086077.pdf,True,
11797896998,12251910362,PV410240641,"WOLF, JONATHAN",5/20/2026,06/10/2026,HEALTHFIRST (80141),80141,280.0,1,Rejected by Payer,CLAIM HAS BEEN ACCEPTED INTO ADJUDICATION. CLAIM WAS PROCESSED AS ADJUSTMENT TO PREVIOUS CLAIM. [X12 INFO: 2300-CLM],"CHAVDA, RADHIKA",Upper Brooklyn Cluster,False,False,False,2,2026-06-17T18:03:37.934737+00:00,pdfs/rejected_2024_2026/PV410240641_11797896998.pdf,True,
11799920705,12251895137,PV410280976,"VALLEJO GAYLE, OFELIA",5/20/2026,06/10/2026,HEALTHFIRST (80141),80141,250.0,1,Rejected by Payer,CLAIM HAS BEEN ACCEPTED INTO ADJUDICATION. CLAIM WAS PROCESSED AS ADJUSTMENT TO PREVIOUS CLAIM. [X12 INFO: 2300-CLM],"BETHI, NAINIKA KIRAN REDDY",Upper Brooklyn Cluster,False,False,False,2,2026-06-17T18:03:37.935532+00:00,pdfs/rejected_2024_2026/PV410280976_11799920705.pdf,True,
11070417268,12244996723,PV49969200,"JENNINGS, ANDREA",2/5/2026,06/09/2026,FCS ADMINISTRATORS INC (J3933W),J3933W,370.0,1,Rejected by Payer,REJECTED FOR INVALID INFORMATION. PATIENT ELIGIBILITY NOT FOUND. CLAIM FAILED BENEFITS AND ELIGIBILITY LOOK UP. [X12 INFO: 2010BA-NM109],"HASSANEN, MOAMEN",Upper Brooklyn Cluster,False,False,False,2,2026-06-17T18:03:37.936329+00:00,pdfs/rejected_2024_2026/PV49969200_11070417268.pdf,True,
11201701724,12244995357,PV49969200,"JENNINGS, ANDREA",3/2/2026,06/09/2026,FCS ADMINISTRATORS INC (J3933W),J3933W,270.0,1,Rejected by Payer,REJECTED FOR INVALID INFORMATION. PATIENT ELIGIBILITY NOT FOUND. CLAIM FAILED BENEFITS AND ELIGIBILITY LOOK UP. [X12 INFO: 2010BA-NM109],"BALDANIYA, JANAK",Upper Brooklyn Cluster,False,False,False,2,2026-06-17T18:03:37.937119+00:00,pdfs/rejected_2024_2026/PV49969200_11201701724.pdf,True,
11294568769,12244944146,PV410366499,"BAMIDELE, OLUSOLE",3/17/2026,06/09/2026,HEALTHCARE PARTNERS IPA /HERITAGE N (11328),11328,515.0,1,Rejected by Intermediary,CLAIM HAS BEEN REJECTED AS UNPROCESSABLE. MISSING OR INVALID INFORMATION. INVALID MEMBER ID. [X12 INFO: 2010BA-NM1],"ABOUSHOKKA, MOSTAFA",Upper Brooklyn Cluster,True,False,False,1,2026-06-17T18:03:37.937979+00:00,pdfs/rejected_2024_2026/PV410366499_11294568769.pdf,True,
11690693385,12244022501,PV410331135,"KELLY, ROBBIN",5/1/2026,06/09/2026,MEDICARE B NEW YORK EMPIRE (SMNY0),SMNY0,310.0,1,Rejected by Payer,The Billing Provider NPI Was Not Found In the Payer's File. Please contact the Payer to verify that the Billing Provider is setup correctly in the Payer's System. [X12 Info: 2010AA-NM109]Billing Provider Tax ID or Tax ID/NPI combination does not match payer crosswalk. [X12 Info: 2010AA-NM109],"PATEL, HARSH",Bronx Cluster,False,False,False,2,2026-06-17T18:04:42.165523+00:00,pdfs/rejected_2024_2026/PV410331135_11690693385.pdf,True,
11492691646,12244018605,PV410216072,"LORENZO, PATRICIA",4/14/2026,06/09/2026,EMBLEM MEDICAID (55247),55247,220.0,1,Rejected by Payer,Original Reference Number (Payer Claim Control Number) is invalid. Must be 12 digits for payer. Please use the ICN from the first submission of the claim. [X12 Info: 2300-REF02],"ANEES, FATIMA",Bronx Cluster,True,False,False,2,2026-06-17T18:04:42.166872+00:00,pdfs/rejected_2024_2026/PV410216072_11492691646.pdf,True,
11684440036,12244016703,PV410412373,"CABRERA, YAZMIN",4/29/2026,06/09/2026,EMBLEM MEDICAID (55247),55247,300.0,1,Rejected by Payer,Original Reference Number (Payer Claim Control Number) is invalid. Must be 12 digits for payer. Please use the ICN from the first submission of the claim. [X12 Info: 2300-REF02],"MOUSSA, ELSAYED",Bronx Cluster,True,False,False,2,2026-06-17T18:04:42.167982+00:00,pdfs/rejected_2024_2026/PV410412373_11684440036.pdf,True,
11711760057,12244014656,PV410412373,"CABRERA, YAZMIN",5/7/2026,06/09/2026,EMBLEM MEDICAID (55247),55247,300.0,1,Rejected by Payer,Original Reference Number (Payer Claim Control Number) is invalid. Must be 12 digits for payer. Please use the ICN from the first submission of the claim. [X12 Info: 2300-REF02],"MOUSSA, ELSAYED",Bronx Cluster,True,False,False,2,2026-06-17T18:04:42.168563+00:00,pdfs/rejected_2024_2026/PV410412373_11711760057.pdf,True,
11159389851,12243009221,PV410296530,"BOLLING, LATOYA",2/21/2026,06/09/2026,Empire Plan (87726),87726,320.0,1,Rejected by Payer,"CLAIM REJECTED FOR MISSING OR INVALID INFORMATION. THIS MESSAGE SHOULD BE ACCOMPANIED BY ANOTHER MORE DESCRIPTIVE REJECTION MESSAGE. [X12 Info: 2300-CLM] A3 P4999INFO SMARTEDIT (INFO) [PATTERN 55018] FOR ADDITIONAL INFORMATION REGARDING THIS EDIT, REFER TO OUR SMART EDITS GUIDE AT UHCPROVIDER.COM/SMARTEDITS. A3 P4999P04UALL SMARTEDIT (P04UALL) PROCEDURE 97110 WITH A COMBINED DAILY FREQUENCY OF 4 HAS BEEN EXCEEDED BY 1 FOR DATE OF SERVICE 20260221. UNDER APPROPRIATE CIRCUMSTANCES, A DESIGNATED MODIFIER MAY BE REQUIRED TO IDENTIFY DISTINCT SERVICES. ","ABOUSHOKKA, MOSTAFA",Upper Brooklyn Cluster,False,False,False,2,2026-06-17T18:04:42.169625+00:00,pdfs/rejected_2024_2026/PV410296530_11159389851.pdf,True,
11134443899,12243005332,PV410296530,"BOLLING, LATOYA",2/16/2026,06/09/2026,Empire Plan (87726),87726,320.0,1,Rejected by Payer,"CLAIM REJECTED FOR MISSING OR INVALID INFORMATION. THIS MESSAGE SHOULD BE ACCOMPANIED BY ANOTHER MORE DESCRIPTIVE REJECTION MESSAGE. [X12 Info: 2300-CLM] A3 P4999P04UALL SMARTEDIT (P04UALL) PROCEDURE 97110 WITH A COMBINED DAILY FREQUENCY OF 4 HAS BEEN EXCEEDED BY 1 FOR DATE OF SERVICE 20260216. UNDER APPROPRIATE CIRCUMSTANCES, A DESIGNATED MODIFIER MAY BE REQUIRED TO IDENTIFY DISTINCT SERVICES. A3 P4999INFO SMARTEDIT (INFO) [PATTERN 55018] FOR ADDITIONAL INFORMATION REGARDING THIS EDIT, REFER TO OUR SMART EDITS GUIDE AT UHCPROVIDER.COM/SMARTEDITS. ","ABOUSHOKKA, MOSTAFA",Upper Brooklyn Cluster,False,False,False,2,2026-06-17T18:04:42.170724+00:00,pdfs/rejected_2024_2026/PV410296530_11134443899.pdf,True,
11134443896,12243001616,PV410296530,"BOLLING, LATOYA",2/14/2026,06/09/2026,Empire Plan (87726),87726,320.0,1,Rejected by Payer,"CLAIM REJECTED FOR MISSING OR INVALID INFORMATION. THIS MESSAGE SHOULD BE ACCOMPANIED BY ANOTHER MORE DESCRIPTIVE REJECTION MESSAGE. [X12 Info: 2300-CLM] A3 P4999P04UALL SMARTEDIT (P04UALL) PROCEDURE 97110 WITH A COMBINED DAILY FREQUENCY OF 4 HAS BEEN EXCEEDED BY 1 FOR DATE OF SERVICE 20260214. UNDER APPROPRIATE CIRCUMSTANCES, A DESIGNATED MODIFIER MAY BE REQUIRED TO IDENTIFY DISTINCT SERVICES. A3 P4999INFO SMARTEDIT (INFO) [PATTERN 55018] FOR ADDITIONAL INFORMATION REGARDING THIS EDIT, REFER TO OUR SMART EDITS GUIDE AT UHCPROVIDER.COM/SMARTEDITS. ","ABOUSHOKKA, MOSTAFA",Upper Brooklyn Cluster,False,False,False,2,2026-06-17T18:04:42.171827+00:00,pdfs/rejected_2024_2026/PV410296530_11134443896.pdf,True,
11134443893,12242994809,PV410296530,"BOLLING, LATOYA",2/12/2026,06/09/2026,Empire Plan (87726),87726,470.0,1,Rejected by Payer,"CLAIM REJECTED FOR MISSING OR INVALID INFORMATION. THIS MESSAGE SHOULD BE ACCOMPANIED BY ANOTHER MORE DESCRIPTIVE REJECTION MESSAGE. [X12 Info: 2300-CLM] A3 P4999P04UALL SMARTEDIT (P04UALL) PROCEDURE 97110 WITH A COMBINED DAILY FREQUENCY OF 4 HAS BEEN EXCEEDED BY 1 FOR DATE OF SERVICE 20260212. UNDER APPROPRIATE CIRCUMSTANCES, A DESIGNATED MODIFIER MAY BE REQUIRED TO IDENTIFY DISTINCT SERVICES. A3 P4999INFO SMARTEDIT (INFO) [PATTERN 55018] FOR ADDITIONAL INFORMATION REGARDING THIS EDIT, REFER TO OUR SMART EDITS GUIDE AT UHCPROVIDER.COM/SMARTEDITS. ","ABOUSHOKKA, MOSTAFA",Upper Brooklyn Cluster,False,False,False,2,2026-06-17T18:04:42.173179+00:00,pdfs/rejected_2024_2026/PV410296530_11134443893.pdf,True,
10431706963,12230544202,PV410073158,"EMAD, NHSHAL",8/1/2025,06/06/2026,HEALTHFIRSTMEDICAID (80141),80141,400.0,1,Rejected by Payer,CLAIM HAS BEEN ACCEPTED INTO ADJUDICATION. CLAIM WAS PROCESSED AS ADJUSTMENT TO PREVIOUS CLAIM. [X12 INFO: 2300-CLM],"SREEJA, SAI",Upper Brooklyn Cluster,True,False,False,2,2026-06-17T18:04:42.173725+00:00,pdfs/rejected_2024_2026/PV410073158_10431706963.pdf,True,
11874400024,12222521746,PV410465043,"LUIS MANZANARES, JORGE",5/30/2026,06/05/2026,HEALTHFIRST (80141),80141,300.0,1,Rejected by Waystar,"Subscriber ID does not match allowable pattern for this payer. Please verify members ID card and payer. [X12 Info: 2010BA-NM109]Subscriber ID is invalid. Must not be Equal to repetitive numbers or letters or the literals Individual, Unknown, Self, None, 1234567890, or 123456789 for this payer. [X12 INFO: 2010BA-NM109]","ELKOUMY, RAMY",Bronx Cluster,False,False,False,0,2026-06-17T18:04:42.174548+00:00,pdfs/rejected_2024_2026/PV410465043_11874400024.pdf,True,
11874398898,12222521535,PV410290063,"LOZANO, JACQUELYN",6/3/2026,06/05/2026,LODESTAR CLAIMS T RISK SERVICES INC (J4797),J4797,270.0,1,Rejected by Payer,"Patient Eligibility not found based on submitted information. PAYER CLAIM NUMBER, DATE OF INJURY, LAST NAME AND DATE OF BIRTH MATCH PAYER CLAIM LIST BUT SSN AND FIRST NAME DO NOT. IN ADDITION, THE SSN ON THE BILL IS INVALID. [X12 INFO: 2010CA-NM1]","AYAD, KIRELLOS",Queens Cluster,False,False,False,2,2026-06-17T18:04:42.175298+00:00,pdfs/rejected_2024_2026/PV410290063_11874398898.pdf,True,
11565639758,12218623909,PV410415617,"MOJICA ACOSTA, SAMIR",4/20/2026,06/04/2026,UNITED HEALTH CARE (87726),87726,210.0,1,Rejected by Payer,"CLAIM REJECTED FOR MISSING OR INVALID INFORMATION. THIS MESSAGE SHOULD BE ACCOMPANIED BY ANOTHER MORE DESCRIPTIVE REJECTION MESSAGE. [X12 Info: 2300-CLM] A3 P4999NCCSD SMARTEDIT (NCCSD) THE FOLLOWING CODE 97110 IS NOT A COVERED SERVICE. A3 P4999INFO SMARTEDIT (INFO) [PATTERN 55018] FOR ADDITIONAL INFORMATION REGARDING THIS EDIT, REFER TO OUR SMART EDITS GUIDE AT UHCPROVIDER.COM/SMARTEDITS. ","ANTONETTE, MARIE",Manhattan Cluster,True,False,False,2,2026-06-17T18:04:42.176060+00:00,pdfs/rejected_2024_2026/PV410415617_11565639758.pdf,True,
11797898304,12208697456,PV410478229,"OJO, RACHEL",5/20/2026,06/03/2026,BCBS NEW YORK EMPIRE (SB803),SB803,310.0,1,Rejected by Payer,REJECTED FOR INVALID INFORMATION. RENDERING PROVIDER NOT ON FILE FOR THE BILLING PROVIDER ADDRESS SUBMITTED. PLEASE UTILIZE THE PROVIDER DATA MANAGEMENT AT WWW.AVAILITY.COM FOR NEW PROVIDER ADD OR CONTACT PROVIDER SERVICES. [X12 INFO: 2310B-NM1]ACKNOWLEDGEMENT/REJECTED FOR MISSING INFORMATION - THE CLAIM/ENCOUNTER IS MISSING THE INFORMATION SPECIFIED IN THE STATUS DETAILS AND HAS BEEN REJECTED. STATUS: ENTITY'S CREDENTIAL/ENROLLMENT INFORMATION. NOTE: THIS CODE REQUIRES USE OF AN ENTITY CODE. ENTITY: RENDERING PROVIDER. [X12 Info: Prof:2310B Inst:2310D],"BHANSALI, VIRAL",Bronx Cluster,False,False,False,2,2026-06-17T18:04:42.176858+00:00,pdfs/rejected_2024_2026/PV410478229_11797898304.pdf,True,
11782576355,12208697268,PV410478229,"OJO, RACHEL",5/18/2026,06/03/2026,BCBS NEW YORK EMPIRE (SB803),SB803,310.0,1,Rejected by Payer,REJECTED FOR INVALID INFORMATION. RENDERING PROVIDER NOT ON FILE FOR THE BILLING PROVIDER ADDRESS SUBMITTED. PLEASE UTILIZE THE PROVIDER DATA MANAGEMENT AT WWW.AVAILITY.COM FOR NEW PROVIDER ADD OR CONTACT PROVIDER SERVICES. [X12 INFO: 2310B-NM1]ACKNOWLEDGEMENT/REJECTED FOR MISSING INFORMATION - THE CLAIM/ENCOUNTER IS MISSING THE INFORMATION SPECIFIED IN THE STATUS DETAILS AND HAS BEEN REJECTED. STATUS: ENTITY'S CREDENTIAL/ENROLLMENT INFORMATION. NOTE: THIS CODE REQUIRES USE OF AN ENTITY CODE. ENTITY: RENDERING PROVIDER. [X12 Info: Prof:2310B Inst:2310D],"BHANSALI, VIRAL",Bronx Cluster,False,False,False,2,2026-06-17T18:04:42.177737+00:00,pdfs/rejected_2024_2026/PV410478229_11782576355.pdf,True,
11782576352,12208691545,PV410394867,"SILVA, CHRISTOPHER",5/18/2026,06/03/2026,BCBS NEW YORK EMPIRE (SB803),SB803,310.0,1,Rejected by Payer,REJECTED FOR INVALID INFORMATION. RENDERING PROVIDER NOT ON FILE FOR THE BILLING PROVIDER ADDRESS SUBMITTED. PLEASE UTILIZE THE PROVIDER DATA MANAGEMENT AT WWW.AVAILITY.COM FOR NEW PROVIDER ADD OR CONTACT PROVIDER SERVICES. [X12 INFO: 2310B-NM1]ACKNOWLEDGEMENT/REJECTED FOR MISSING INFORMATION - THE CLAIM/ENCOUNTER IS MISSING THE INFORMATION SPECIFIED IN THE STATUS DETAILS AND HAS BEEN REJECTED. STATUS: ENTITY'S CREDENTIAL/ENROLLMENT INFORMATION. NOTE: THIS CODE REQUIRES USE OF AN ENTITY CODE. ENTITY: RENDERING PROVIDER. [X12 Info: Prof:2310B Inst:2310D],"BHANSALI, VIRAL",Bronx Cluster,False,False,False,2,2026-06-17T18:04:42.178329+00:00,pdfs/rejected_2024_2026/PV410394867_11782576352.pdf,True,
11797898307,12208681070,PV410443285,"WALKER, BEVERLEY",5/20/2026,06/03/2026,BCBS NEW YORK EMPIRE (SB803),SB803,410.0,1,Rejected by Payer,REJECTED FOR INVALID INFORMATION. RENDERING PROVIDER NOT ON FILE FOR THE BILLING PROVIDER ADDRESS SUBMITTED. PLEASE UTILIZE THE PROVIDER DATA MANAGEMENT AT WWW.AVAILITY.COM FOR NEW PROVIDER ADD OR CONTACT PROVIDER SERVICES. [X12 INFO: 2310B-NM1]ACKNOWLEDGEMENT/REJECTED FOR MISSING INFORMATION - THE CLAIM/ENCOUNTER IS MISSING THE INFORMATION SPECIFIED IN THE STATUS DETAILS AND HAS BEEN REJECTED. STATUS: ENTITY'S CREDENTIAL/ENROLLMENT INFORMATION. NOTE: THIS CODE REQUIRES USE OF AN ENTITY CODE. ENTITY: RENDERING PROVIDER. [X12 Info: Prof:2310B Inst:2310D],"BHANSALI, VIRAL",Bronx Cluster,False,False,False,2,2026-06-17T18:04:42.178992+00:00,pdfs/rejected_2024_2026/PV410443285_11797898307.pdf,True,
11859309724,12206886705,PV49975813,"BENN, DULCINA",5/28/2026,06/03/2026,1199 (13162),13162,410.0,1,Rejected by Payer,A3:21 CLAIM HAS BEEN REJECTED AS UNPROCESSABLE. MISSING OR INVALID INFORMATION. ACKNOWLEDGEMENT REJECTED FOR INVALID INFORMATION-THE CLAIM ENCOUNTER IS HAS INVALID INFORMATION SPECIFIED IN THE STATUS DETAILS AND HAS BEEN REJECTED. STATUS DETAILS NOT FOUND. USAGE THIS CODE REQUIRES USE OF AN ENTIT..(REVIEW CLAIM DETAILS ONLINE),"BORAD, PRINSI",Manhattan Cluster,False,False,False,2,2026-06-17T18:04:42.179907+00:00,pdfs/rejected_2024_2026/PV49975813_11859309724.pdf,True,
11658311569,12201969328,PV410290063,"LOZANO, Jacquelyn",4/30/2026,06/02/2026,LODESTAR CLAIMS T RISK SERVICES INC (J4797),J4797,270.0,1,Rejected by Payer,"Patient Eligibility not found based on submitted information. PAYER CLAIM NUMBER, DATE OF INJURY, LAST NAME AND DATE OF BIRTH MATCH PAYER CLAIM LIST BUT SSN AND FIRST NAME DO NOT. IN ADDITION, THE SSN ON THE BILL IS INVALID. [X12 INFO: 2010CA-NM1]","AYAD, KIRELLOS",Queens Cluster,False,False,False,2,2026-06-17T18:04:42.180880+00:00,pdfs/rejected_2024_2026/PV410290063_11658311569.pdf,True,
11442232376,12201342140,PV410406546,"LYONS, JACQUELINE",4/9/2026,06/02/2026,AMTRUST INSURANCE (J1868),J1868,280.0,1,Rejected by Payer,"Patient Eligibility not found based on submitted information. PAYER CLAIM NUMBER, DATE OF INJURY, LAST NAME AND DATE OF BIRTH MATCH PAYER CLAIM LIST BUT SSN AND FIRST NAME DO NOT. IN ADDITION, THE SSN ON THE BILL IS INVALID. [X12 INFO: 2010CA-NM1]","MOUSSA, ELSAYED",Bronx Cluster,False,False,False,2,2026-06-17T18:04:42.181807+00:00,pdfs/rejected_2024_2026/PV410406546_11442232376.pdf,True,
11474557030,12201341715,PV410406546,"LYONS, JACQUELINE",4/10/2026,06/02/2026,AMTRUST INSURANCE (J1868),J1868,280.0,1,Rejected by Payer,"Patient Eligibility not found based on submitted information. PAYER CLAIM NUMBER, DATE OF INJURY, LAST NAME AND DATE OF BIRTH MATCH PAYER CLAIM LIST BUT SSN AND FIRST NAME DO NOT. IN ADDITION, THE SSN ON THE BILL IS INVALID. [X12 INFO: 2010CA-NM1]","MOUSSA, ELSAYED",Bronx Cluster,False,False,False,2,2026-06-17T18:04:42.182725+00:00,pdfs/rejected_2024_2026/PV410406546_11474557030.pdf,True,
11833126886,12179834916,PV410314060,"FILIPOVIC, SENKA",5/26/2026,05/29/2026,BCBSPPO (SB803),SB803,310.0,1,Rejected by Payer,REJECTED FOR INVALID INFORMATION. RENDERING PROVIDER NOT ON FILE FOR THE BILLING PROVIDER ADDRESS SUBMITTED. PLEASE UTILIZE THE PROVIDER DATA MANAGEMENT AT WWW.AVAILITY.COM FOR NEW PROVIDER ADD OR CONTACT PROVIDER SERVICES. [X12 INFO: 2310B-NM1]ACKNOWLEDGEMENT/REJECTED FOR MISSING INFORMATION - THE CLAIM/ENCOUNTER IS MISSING THE INFORMATION SPECIFIED IN THE STATUS DETAILS AND HAS BEEN REJECTED. STATUS: ENTITY'S CREDENTIAL/ENROLLMENT INFORMATION. NOTE: THIS CODE REQUIRES USE OF AN ENTITY CODE. ENTITY: RENDERING PROVIDER. [X12 Info: Prof:2310B Inst:2310D],"BHANSALI, VIRAL",Manhattan Cluster,False,False,False,2,2026-06-17T18:04:42.183898+00:00,pdfs/rejected_2024_2026/PV410314060_11833126886.pdf,True,
11833123871,12179834025,PV49944522,"BENJAMIN, STEPHANIE",5/27/2026,05/29/2026,1199 (13162),13162,280.0,1,Rejected by Payer,A3:21 CLAIM HAS BEEN REJECTED AS UNPROCESSABLE. MISSING OR INVALID INFORMATION. ACKNOWLEDGEMENT REJECTED FOR INVALID INFORMATION-THE CLAIM ENCOUNTER IS HAS INVALID INFORMATION SPECIFIED IN THE STATUS DETAILS AND HAS BEEN REJECTED. STATUS DETAILS NOT FOUND. USAGE THIS CODE REQUIRES USE OF AN ENTIT..(REVIEW CLAIM DETAILS ONLINE),"CHAVDA, RADHIKA",Upper Brooklyn Cluster,False,False,False,2,2026-06-17T18:04:42.184750+00:00,pdfs/rejected_2024_2026/PV49944522_11833123871.pdf,True,
11833123869,12179833821,PV49944522,"BENJAMIN, STEPHANIE",5/22/2026,05/29/2026,1199 (13162),13162,430.0,1,Rejected by Payer,A3:21 CLAIM HAS BEEN REJECTED AS UNPROCESSABLE. MISSING OR INVALID INFORMATION. ACKNOWLEDGEMENT REJECTED FOR INVALID INFORMATION-THE CLAIM ENCOUNTER IS HAS INVALID INFORMATION SPECIFIED IN THE STATUS DETAILS AND HAS BEEN REJECTED. STATUS DETAILS NOT FOUND. USAGE THIS CODE REQUIRES USE OF AN ENTIT..(REVIEW CLAIM DETAILS ONLINE),"CHAVDA, RADHIKA",Upper Brooklyn Cluster,False,False,False,2,2026-06-17T18:04:42.185221+00:00,pdfs/rejected_2024_2026/PV49944522_11833123869.pdf,True,
11825844457,12172373786,PV410465043,"LUIS MANZANARES, JORGE",5/2/2026,05/28/2026,HEALTHFIRST (80141),80141,450.0,1,Rejected by Waystar,"Subscriber ID does not match allowable pattern for this payer. Please verify members ID card and payer. [X12 Info: 2010BA-NM109]Subscriber ID is invalid. Must not be Equal to repetitive numbers or letters or the literals Individual, Unknown, Self, None, 1234567890, or 123456789 for this payer. [X12 INFO: 2010BA-NM109]","MOUSSA, ELSAYED",Bronx Cluster,False,False,False,0,2026-06-17T18:04:42.185702+00:00,pdfs/rejected_2024_2026/PV410465043_11825844457.pdf,True,
11825842701,12172373454,PV410449621,"GALETTE, PATRICK",5/19/2026,05/28/2026,CORVEL ENTERPRISE (J4110),J4110,250.0,1,Rejected by Intermediary,CLAIM REJECTED FOR INVALID INFORMATION. CANNOT PROVIDE FURTHER STATUS ELECTRONICALLY THIS MESSAGE SHOULD BE ACCOMPANIED BY ANOTHER MORE DESCRIPTIVE REJECTION MESSAGE. CAREIQ PROVIDER PAYMENT HAS BEEN ISSUED [X12 Info: 2300-CLM] ,"SHRESTHA, RADHESHYAM",Upper Brooklyn Cluster,False,False,False,1,2026-06-17T18:04:42.186276+00:00,pdfs/rejected_2024_2026/PV410449621_11825842701.pdf,True,
11825840773,12172372916,PV410489063,"FORD, LIAM",5/26/2026,05/28/2026,GHI (13551),13551,380.0,1,Rejected by Payer,"A3:97:40 CLAIM HAS BEEN REJECTED AS UNPROCESSABLE. PATIENT ELIGIBILITY NOT FOUND WITH ENTITY. RECEIVER R ACK,RETURND AS UNPRCESSBLE CLM- CLM,ENCNTER BEEN REJECTD AND NOT ENTERD INTO ADJUDICATION SYS. PATIENT ELIGIBILITY NOT FOUND WITH ENTITY. RECEIVERA3:21 CLAIM HAS BEEN REJECTED AS UNPROCESSABLE. MISSING OR INVALID INFORMATION. R EMBLEM UNABLE TO LOCATE ELIGIBILITY SPAN FOR THE PATIENT","MAHMOUD, MUHAMMAD ABDELFATTAH",Upper Brooklyn Cluster,False,False,False,2,2026-06-17T18:04:42.186947+00:00,pdfs/rejected_2024_2026/PV410489063_11825840773.pdf,True,
11571930364,12166092886,PV410406546,"LYONS, JACQUELINE",4/22/2026,05/27/2026,AMTRUST INSURANCE (J1868),J1868,280.0,1,Rejected by Payer,"Patient Eligibility not found based on submitted information. PAYER CLAIM NUMBER, DATE OF INJURY, LAST NAME AND DATE OF BIRTH MATCH PAYER CLAIM LIST BUT SSN AND FIRST NAME DO NOT. IN ADDITION, THE SSN ON THE BILL IS INVALID. [X12 INFO: 2010CA-NM1]","MOUSSA, ELSAYED",Bronx Cluster,False,False,False,2,2026-06-17T18:04:42.187785+00:00,pdfs/rejected_2024_2026/PV410406546_11571930364.pdf,True,
11433491016,12166089169,PV410406546,"LYONS, JACQUELINE",4/8/2026,05/27/2026,AMTRUST INSURANCE (J1868),J1868,280.0,1,Rejected by Payer,"Patient Eligibility not found based on submitted information. PAYER CLAIM NUMBER, DATE OF INJURY, LAST NAME AND DATE OF BIRTH MATCH PAYER CLAIM LIST BUT SSN AND FIRST NAME DO NOT. IN ADDITION, THE SSN ON THE BILL IS INVALID. [X12 INFO: 2010CA-NM1]","MOUSSA, ELSAYED",Bronx Cluster,False,False,False,2,2026-06-17T18:04:42.188638+00:00,pdfs/rejected_2024_2026/PV410406546_11433491016.pdf,True,
11426309585,12166089087,PV410406546,"LYONS, JACQUELINE",4/7/2026,05/27/2026,AMTRUST INSURANCE (J1868),J1868,430.0,1,Rejected by Payer,"Patient Eligibility not found based on submitted information. PAYER CLAIM NUMBER, DATE OF INJURY, LAST NAME AND DATE OF BIRTH MATCH PAYER CLAIM LIST BUT SSN AND FIRST NAME DO NOT. IN ADDITION, THE SSN ON THE BILL IS INVALID. [X12 INFO: 2010CA-NM1]","ALI, SAJJAD",Bronx Cluster,False,False,False,2,2026-06-17T18:04:42.189506+00:00,pdfs/rejected_2024_2026/PV410406546_11426309585.pdf,True,
11546269553,12166087369,PV410406546,"LYONS, JACQUELINE",4/17/2026,05/27/2026,AMTRUST INSURANCE (J1868),J1868,280.0,1,Rejected by Payer,"Patient Eligibility not found based on submitted information. PAYER CLAIM NUMBER, DATE OF INJURY, LAST NAME AND DATE OF BIRTH MATCH PAYER CLAIM LIST BUT SSN AND FIRST NAME DO NOT. IN ADDITION, THE SSN ON THE BILL IS INVALID. [X12 INFO: 2010CA-NM1]","MOUSSA, ELSAYED",Bronx Cluster,False,False,False,2,2026-06-17T18:04:42.190384+00:00,pdfs/rejected_2024_2026/PV410406546_11546269553.pdf,True,
11555901337,12166087340,PV410406546,"LYONS, JACQUELINE",4/20/2026,05/27/2026,AMTRUST INSURANCE (J1868),J1868,380.0,1,Rejected by Payer,"Patient Eligibility not found based on submitted information. PAYER CLAIM NUMBER, DATE OF INJURY, LAST NAME AND DATE OF BIRTH MATCH PAYER CLAIM LIST BUT SSN AND FIRST NAME DO NOT. IN ADDITION, THE SSN ON THE BILL IS INVALID. [X12 INFO: 2010CA-NM1]","ELKOUMY, RAMY",Bronx Cluster,False,False,False,2,2026-06-17T18:05:45.307203+00:00,pdfs/rejected_2024_2026/PV410406546_11555901337.pdf,True,
11565639155,12166085285,PV410406546,"LYONS, JACQUELINE",4/21/2026,05/27/2026,AMTRUST INSURANCE (J1868),J1868,280.0,1,Rejected by Payer,"Patient Eligibility not found based on submitted information. PAYER CLAIM NUMBER, DATE OF INJURY, LAST NAME AND DATE OF BIRTH MATCH PAYER CLAIM LIST BUT SSN AND FIRST NAME DO NOT. IN ADDITION, THE SSN ON THE BILL IS INVALID. [X12 INFO: 2010CA-NM1]","MOUSSA, ELSAYED",Bronx Cluster,False,False,False,2,2026-06-17T18:05:45.308247+00:00,pdfs/rejected_2024_2026/PV410406546_11565639155.pdf,True,
11684440044,12166081268,PV410406546,"LYONS, JACQUELINE",4/29/2026,05/27/2026,AMTRUST INSURANCE (J1868),J1868,280.0,1,Rejected by Payer,"Patient Eligibility not found based on submitted information. PAYER CLAIM NUMBER, DATE OF INJURY, LAST NAME AND DATE OF BIRTH MATCH PAYER CLAIM LIST BUT SSN AND FIRST NAME DO NOT. IN ADDITION, THE SSN ON THE BILL IS INVALID. [X12 INFO: 2010CA-NM1]","ALI, SAJJAD",Bronx Cluster,False,False,False,2,2026-06-17T18:05:45.309335+00:00,pdfs/rejected_2024_2026/PV410406546_11684440044.pdf,True,
11511649537,12166081217,PV410406546,"LYONS, JACQUELINE",4/16/2026,05/27/2026,AMTRUST INSURANCE (J1868),J1868,280.0,1,Rejected by Payer,"Patient Eligibility not found based on submitted information. PAYER CLAIM NUMBER, DATE OF INJURY, LAST NAME AND DATE OF BIRTH MATCH PAYER CLAIM LIST BUT SSN AND FIRST NAME DO NOT. IN ADDITION, THE SSN ON THE BILL IS INVALID. [X12 INFO: 2010CA-NM1]",MOUSSA,Bronx Cluster,False,False,False,2,2026-06-17T18:05:45.310440+00:00,pdfs/rejected_2024_2026/PV410406546_11511649537.pdf,True,
11637808119,12166079172,PV410406546,"LYONS, JACQUELINE",4/28/2026,05/27/2026,AMTRUST INSURANCE (J1868),J1868,280.0,1,Rejected by Payer,"Patient Eligibility not found based on submitted information. PAYER CLAIM NUMBER, DATE OF INJURY, LAST NAME AND DATE OF BIRTH MATCH PAYER CLAIM LIST BUT SSN AND FIRST NAME DO NOT. IN ADDITION, THE SSN ON THE BILL IS INVALID. [X12 INFO: 2010CA-NM1]","ALI, SAJJAD",Bronx Cluster,False,False,False,2,2026-06-17T18:05:45.311540+00:00,pdfs/rejected_2024_2026/PV410406546_11637808119.pdf,True,
11501786931,12166077424,PV410406546,"LYONS, JACQUELINE",4/15/2026,05/27/2026,AMTRUST INSURANCE (J1868),J1868,280.0,1,Rejected by Payer,"Patient Eligibility not found based on submitted information. PAYER CLAIM NUMBER, DATE OF INJURY, LAST NAME AND DATE OF BIRTH MATCH PAYER CLAIM LIST BUT SSN AND FIRST NAME DO NOT. IN ADDITION, THE SSN ON THE BILL IS INVALID. [X12 INFO: 2010CA-NM1]","MOUSSA, ELSAYED",Bronx Cluster,False,False,False,2,2026-06-17T18:05:45.312651+00:00,pdfs/rejected_2024_2026/PV410406546_11501786931.pdf,True,
11628186341,12166070967,PV410406546,"LYONS, JACQUELINE",4/27/2026,05/27/2026,AMTRUST INSURANCE (J1868),J1868,280.0,1,Rejected by Payer,"Patient Eligibility not found based on submitted information. PAYER CLAIM NUMBER, DATE OF INJURY, LAST NAME AND DATE OF BIRTH MATCH PAYER CLAIM LIST BUT SSN AND FIRST NAME DO NOT. IN ADDITION, THE SSN ON THE BILL IS INVALID. [X12 INFO: 2010CA-NM1]","ALI, SAJJAD",Bronx Cluster,False,False,False,2,2026-06-17T18:05:45.313750+00:00,pdfs/rejected_2024_2026/PV410406546_11628186341.pdf,True,
11483799992,12166062635,PV410406546,"LYONS, JACQUELINE",4/13/2026,05/27/2026,AMTRUST INSURANCE (J1868),J1868,280.0,1,Rejected by Payer,"Patient Eligibility not found based on submitted information. PAYER CLAIM NUMBER, DATE OF INJURY, LAST NAME AND DATE OF BIRTH MATCH PAYER CLAIM LIST BUT SSN AND FIRST NAME DO NOT. IN ADDITION, THE SSN ON THE BILL IS INVALID. [X12 INFO: 2010CA-NM1]","MOUSSA, ELSAYED",Bronx Cluster,False,False,False,2,2026-06-17T18:05:45.314851+00:00,pdfs/rejected_2024_2026/PV410406546_11483799992.pdf,True,
11492691565,12166054453,PV410406546,"LYONS, JACQUELINE",4/14/2026,05/27/2026,AMTRUST INSURANCE (J1868),J1868,280.0,1,Rejected by Payer,"Patient Eligibility not found based on submitted information. PAYER CLAIM NUMBER, DATE OF INJURY, LAST NAME AND DATE OF BIRTH MATCH PAYER CLAIM LIST BUT SSN AND FIRST NAME DO NOT. IN ADDITION, THE SSN ON THE BILL IS INVALID. [X12 INFO: 2010CA-NM1]","MOUSSA, ELSAYED",Bronx Cluster,False,False,False,2,2026-06-17T18:05:45.315862+00:00,pdfs/rejected_2024_2026/PV410406546_11492691565.pdf,True,
11811170670,12157225229,PV410426414,"SORIANO, MA RAQUEL",5/22/2026,05/26/2026,CORVEL ENTERPRISE (J4110),J4110,300.0,1,Rejected by Intermediary,CLAIM REJECTED FOR INVALID INFORMATION. CANNOT PROVIDE FURTHER STATUS ELECTRONICALLY THIS MESSAGE SHOULD BE ACCOMPANIED BY ANOTHER MORE DESCRIPTIVE REJECTION MESSAGE. CAREIQ PROVIDER PAYMENT HAS BEEN ISSUED [X12 Info: 2300-CLM] ,"MOHAMED, AHMED",Manhattan Cluster,False,False,False,1,2026-06-17T18:05:45.316760+00:00,pdfs/rejected_2024_2026/PV410426414_11811170670.pdf,True,
11637807339,12155343000,PV410393705,"WILIAMS, BARBARA",4/28/2026,05/25/2026,CNATRANSCONTINENTAL INSURANCE CO (J20443),J20443,280.0,1,Rejected by Payer,"Patient Eligibility not found based on submitted information. PAYER CLAIM NUMBER, DATE OF INJURY, LAST NAME AND DATE OF BIRTH MATCH PAYER CLAIM LIST BUT SSN AND FIRST NAME DO NOT. IN ADDITION, THE SSN ON THE BILL IS INVALID. [X12 INFO: 2010CA-NM1]","SHRESTHA, RADHESHYAM",Upper Brooklyn Cluster,False,False,False,2,2026-06-17T18:05:45.317638+00:00,pdfs/rejected_2024_2026/PV410393705_11637807339.pdf,True,
11698056126,12155338617,PV410393705,"WILIAMS, BARBARA",5/5/2026,05/25/2026,CNATRANSCONTINENTAL INSURANCE CO (J20443),J20443,370.0,1,Rejected by Payer,"Patient Eligibility not found based on submitted information. PAYER CLAIM NUMBER, DATE OF INJURY, LAST NAME AND DATE OF BIRTH MATCH PAYER CLAIM LIST BUT SSN AND FIRST NAME DO NOT. IN ADDITION, THE SSN ON THE BILL IS INVALID. [X12 INFO: 2010CA-NM1]","SHRESTHA, RADHESHYAM",Upper Brooklyn Cluster,False,False,False,2,2026-06-17T18:05:45.318501+00:00,pdfs/rejected_2024_2026/PV410393705_11698056126.pdf,True,
11565638230,12155338605,PV410393705,"WILIAMS, BARBARA",4/21/2026,05/25/2026,CNATRANSCONTINENTAL INSURANCE CO (J20443),J20443,280.0,1,Rejected by Payer,"Patient Eligibility not found based on submitted information. PAYER CLAIM NUMBER, DATE OF INJURY, LAST NAME AND DATE OF BIRTH MATCH PAYER CLAIM LIST BUT SSN AND FIRST NAME DO NOT. IN ADDITION, THE SSN ON THE BILL IS INVALID. [X12 INFO: 2010CA-NM1]","SHRESTHA, RADHESHYAM",Upper Brooklyn Cluster,False,False,False,2,2026-06-17T18:05:45.319451+00:00,pdfs/rejected_2024_2026/PV410393705_11565638230.pdf,True,
11658312810,12155338612,PV410393705,"WILIAMS, BARBARA",4/30/2026,05/25/2026,CNATRANSCONTINENTAL INSURANCE CO (J20443),J20443,280.0,1,Rejected by Payer,"Patient Eligibility not found based on submitted information. PAYER CLAIM NUMBER, DATE OF INJURY, LAST NAME AND DATE OF BIRTH MATCH PAYER CLAIM LIST BUT SSN AND FIRST NAME DO NOT. IN ADDITION, THE SSN ON THE BILL IS INVALID. [X12 INFO: 2010CA-NM1]","SHRESTHA, RADHESHYAM",Upper Brooklyn Cluster,False,False,False,2,2026-06-17T18:05:45.319957+00:00,pdfs/rejected_2024_2026/PV410393705_11658312810.pdf,True,
11511648510,12155333760,PV410393705,"WILIAMS, BARBARA",4/7/2026,05/25/2026,CNATRANSCONTINENTAL INSURANCE CO (J20443),J20443,280.0,1,Rejected by Payer,"Patient Eligibility not found based on submitted information. PAYER CLAIM NUMBER, DATE OF INJURY, LAST NAME AND DATE OF BIRTH MATCH PAYER CLAIM LIST BUT SSN AND FIRST NAME DO NOT. IN ADDITION, THE SSN ON THE BILL IS INVALID. [X12 INFO: 2010CA-NM1]","SHRESTHA, RADHESHYAM",Upper Brooklyn Cluster,False,False,False,2,2026-06-17T18:05:45.320884+00:00,pdfs/rejected_2024_2026/PV410393705_11511648510.pdf,True,
11511648531,12155333568,PV410393705,"WILIAMS, BARBARA",4/16/2026,05/25/2026,CNATRANSCONTINENTAL INSURANCE CO (J20443),J20443,280.0,1,Rejected by Payer,"Patient Eligibility not found based on submitted information. PAYER CLAIM NUMBER, DATE OF INJURY, LAST NAME AND DATE OF BIRTH MATCH PAYER CLAIM LIST BUT SSN AND FIRST NAME DO NOT. IN ADDITION, THE SSN ON THE BILL IS INVALID. [X12 INFO: 2010CA-NM1]","SHRESTHA, RADHESHYAM",Upper Brooklyn Cluster,False,False,False,2,2026-06-17T18:05:45.322156+00:00,pdfs/rejected_2024_2026/PV410393705_11511648531.pdf,True,
11501785890,12155329338,PV410393705,"WILIAMS, BARBARA",4/14/2026,05/25/2026,CNATRANSCONTINENTAL INSURANCE CO (J20443),J20443,280.0,1,Rejected by Payer,"Patient Eligibility not found based on submitted information. PAYER CLAIM NUMBER, DATE OF INJURY, LAST NAME AND DATE OF BIRTH MATCH PAYER CLAIM LIST BUT SSN AND FIRST NAME DO NOT. IN ADDITION, THE SSN ON THE BILL IS INVALID. [X12 INFO: 2010CA-NM1]","MAHMOUD, MUHAMMAD ABDELFATTAH",Upper Brooklyn Cluster,False,False,False,2,2026-06-17T18:05:45.322984+00:00,pdfs/rejected_2024_2026/PV410393705_11501785890.pdf,True,
11511648520,12155329336,PV410393705,"WILIAMS, BARBARA",4/9/2026,05/25/2026,CNATRANSCONTINENTAL INSURANCE CO (J20443),J20443,280.0,1,Rejected by Payer,"Patient Eligibility not found based on submitted information. PAYER CLAIM NUMBER, DATE OF INJURY, LAST NAME AND DATE OF BIRTH MATCH PAYER CLAIM LIST BUT SSN AND FIRST NAME DO NOT. IN ADDITION, THE SSN ON THE BILL IS INVALID. [X12 INFO: 2010CA-NM1]","SHRESTHA, RADHESHYAM",Upper Brooklyn Cluster,False,False,False,2,2026-06-17T18:05:45.323749+00:00,pdfs/rejected_2024_2026/PV410393705_11511648520.pdf,True,
11804856587,12150805622,PV410501952,"HIGUCHI, SARAH",5/20/2026,05/23/2026,EMBLEMHIP (55247),55247,450.0,1,Rejected by Waystar,Subscriber's contract/member ID is invalid. Verify the subscriber ID is entered exactly as it appears on the member's ID card. [X12 Info: 2010BA-NM109],"TAO, CHINGWEN",Not in a WorkGroup,False,False,False,0,2026-06-17T18:05:45.324612+00:00,pdfs/rejected_2024_2026/PV410501952_11804856587.pdf,True,
11750331116,12146774398,PV410042346,"AKTAR, SHIRIN",5/12/2026,05/22/2026,FIDELISMEDICAID (11334),11334,375.0,1,Rejected by Payer,Claim has been Rejected as unprocessable. Cannot provide further status electronically. [X12 Info: 2300-CLM]CLAIM HAS BEEN REJECTED FOR MISSING OR INVALID INFORMATION. FURTHER INFORMATION MAY NOT HAVE BEEN PROVIDED BY THE PAYER. . [X12 Info: 2300-CLM]Claim Has Been Returned as Unprocessable. Refer to accompanying rejection message (if present) for details. [X12 INFO: 2300-CLM]Subscriber and/or Subscriber Member ID not found. Verify that the information on the claim matches the member ID card exactly and that the claim was sent to the correct Payer ID. [X12 Info: 2010BA-NM109].,"TORIO, ELOISA",Not in a WorkGroup,False,False,False,2,2026-06-17T18:05:45.325521+00:00,pdfs/rejected_2024_2026/PV410042346_11750331116.pdf,True,
11799921107,12145783404,PV49948675,"OCCELUS, MAGALIE",5/20/2026,05/22/2026,1199 (13162),13162,280.0,1,Rejected by Payer,A3:21:41 CLAIM HAS BEEN REJECTED AS UNPROCESSABLE. MISSING OR INVALID INFORMATION. SUBMITTER PAYER SPECIFIC REJECTION - INVALID MEMBER ID 902775410601 - MUST BE LENGTH 9 OR 10 AND NUMERIC ONLY LINE 47722 LOOP 2010BA SUBSCRIBER PRIMARY IDENTIFIER,"CHAVDA, RADHIKA",Not in a WorkGroup,False,False,False,2,2026-06-17T18:05:45.326488+00:00,pdfs/rejected_2024_2026/PV49948675_11799921107.pdf,True,
11077525266,12144222225,PV410269637,"GREY, BIANCA",2/9/2026,05/22/2026,HEALTHFIRSTMEDICARE (80141),80141,270.0,1,Rejected by Payer,Claim has been rejected. Information submitted on this claim is inconsistent with the payer's billing guidelines. Refer to additional rejection (if present) for details. [X12 Info: 2300-CLM],"TORIO, ELOISA",Not in a WorkGroup,True,False,False,2,2026-06-17T18:05:45.327625+00:00,pdfs/rejected_2024_2026/PV410269637_11077525266.pdf,True,
11797899462,12143530490,PV410426414,"SORIANO, MA RAQUEL",5/13/2026,05/22/2026,CORVEL ENTERPRISE (J4110),J4110,300.0,1,Rejected by Intermediary,CLAIM REJECTED FOR INVALID INFORMATION. CANNOT PROVIDE FURTHER STATUS ELECTRONICALLY THIS MESSAGE SHOULD BE ACCOMPANIED BY ANOTHER MORE DESCRIPTIVE REJECTION MESSAGE. CAREIQ PROVIDER PAYMENT HAS BEEN ISSUED [X12 Info: 2300-CLM] ,"MOHAMED, AHMED",Manhattan Cluster,False,False,False,1,2026-06-17T18:05:45.328557+00:00,pdfs/rejected_2024_2026/PV410426414_11797899462.pdf,True,
11774605125,12119352313,PV410488806,"AGUAYO GARCIA, ERNESTO",5/15/2026,05/19/2026,BCBS FEDRAL PLAN (SB803),SB803,280.0,1,Rejected by Waystar,PATIENT/SUBSCRIBER ZIP CODE (11111) is invalid. Value must be a valid Zip Code as defined by the US Postal Service. This information can be verified at www.USPS.com. [X12 Info: 2010BA-N403],"MOHAMED, AHMED",Not in a WorkGroup,False,False,False,0,2026-06-17T18:05:45.329564+00:00,pdfs/rejected_2024_2026/PV410488806_11774605125.pdf,True,
11774604567,12119352151,PV410393622,"NITHMER, MARTIN",5/15/2026,05/19/2026,NORTHWELL DIRECT (36149),36149,380.0,1,Rejected by Payer,"A3:21 CLAIM HAS BEEN REJECTED AS UNPROCESSABLE. MISSING OR INVALID INFORMATION. RESUBMIT TO ANTHEM. SERVICE PROVIDER METWALLY, SALMA (NPI : 1629877311 AND TIN : NULL), BILLING PROVIDER PHYSICAL THERAPY OF THE CITY (NPI : 1265940399 AND TIN : 823830674).","METWALLY, SALMA",Not in a WorkGroup,False,False,False,2,2026-06-17T18:05:45.330144+00:00,pdfs/rejected_2024_2026/PV410393622_11774604567.pdf,True,
11403149448,12115504617,PV410356518,"CHANO, BLANCA",3/16/2026,05/18/2026,ELDERPLAN HOMEFIRST (11334),11334,410.0,1,Rejected by Waystar,REJECTED FOR HOLD. [X12 INFO: 2300-CLM],"HASSANEN, MOAMEN",Not in a WorkGroup,True,False,False,0,2026-06-17T18:05:45.330727+00:00,pdfs/rejected_2024_2026/PV410356518_11403149448.pdf,True,
11759786350,12104213079,PV410441641,"YIN, AI FENG",5/14/2026,05/16/2026,MARRIOTT CLAIMS SERVICE (J1431),J1431,280.0,1,Rejected by Intermediary,Property and Casualty Payer-Assigned Claim Number is missing or invalid. [X12 Info: 2010CA-REF02],"MAHMOUD, MUHAMMAD ABDELFATTAH",Upper Brooklyn Cluster,False,False,False,1,2026-06-17T18:05:45.331313+00:00,pdfs/rejected_2024_2026/PV410441641_11759786350.pdf,True,
11750332680,12094325009,PV410393622,"NITHMER, MARTIN",5/13/2026,05/15/2026,NORTHWELL DIRECT (36149),36149,270.0,1,Rejected by Payer,"A3:21 CLAIM HAS BEEN REJECTED AS UNPROCESSABLE. MISSING OR INVALID INFORMATION. RESUBMIT TO ANTHEM. SERVICE PROVIDER METWALLY, SALMA (NPI : 1629877311 AND TIN : NULL), BILLING PROVIDER PHYSICAL THERAPY OF THE CITY (NPI : 1265940399 AND TIN : 823830674).","METWALLY, SALMA",Not in a WorkGroup,False,False,False,2,2026-06-17T18:05:45.331892+00:00,pdfs/rejected_2024_2026/PV410393622_11750332680.pdf,True,
11637808237,12091157885,PV410393622,"NITHMER, MARTIN",4/28/2026,05/14/2026,Anthem (SB803),SB803,270.0,1,Rejected by Payer,REJECTED FOR INVALID INFORMATION. RENDERING PROVIDER NOT ON FILE FOR THE BILLING PROVIDER ADDRESS SUBMITTED. PLEASE UTILIZE THE PROVIDER DATA MANAGEMENT AT WWW.AVAILITY.COM FOR NEW PROVIDER ADD OR CONTACT PROVIDER SERVICES. [X12 INFO: 2310B-NM1]ACKNOWLEDGEMENT/REJECTED FOR MISSING INFORMATION - THE CLAIM/ENCOUNTER IS MISSING THE INFORMATION SPECIFIED IN THE STATUS DETAILS AND HAS BEEN REJECTED. STATUS: ENTITY'S CREDENTIAL/ENROLLMENT INFORMATION. NOTE: THIS CODE REQUIRES USE OF AN ENTITY CODE. ENTITY: RENDERING PROVIDER. [X12 Info: Prof:2310B Inst:2310D],"BORAD, PRINSI",Not in a WorkGroup,False,False,False,2,2026-06-17T18:05:45.332476+00:00,pdfs/rejected_2024_2026/PV410393622_11637808237.pdf,True,
11618887290,12091154943,PV410393622,"NITHMER, MARTIN",4/23/2026,05/14/2026,Anthem (SB803),SB803,370.0,1,Rejected by Payer,REJECTED FOR INVALID INFORMATION. RENDERING PROVIDER NOT ON FILE FOR THE BILLING PROVIDER ADDRESS SUBMITTED. PLEASE UTILIZE THE PROVIDER DATA MANAGEMENT AT WWW.AVAILITY.COM FOR NEW PROVIDER ADD OR CONTACT PROVIDER SERVICES. [X12 INFO: 2310B-NM1]ACKNOWLEDGEMENT/REJECTED FOR MISSING INFORMATION - THE CLAIM/ENCOUNTER IS MISSING THE INFORMATION SPECIFIED IN THE STATUS DETAILS AND HAS BEEN REJECTED. STATUS: ENTITY'S CREDENTIAL/ENROLLMENT INFORMATION. NOTE: THIS CODE REQUIRES USE OF AN ENTITY CODE. ENTITY: RENDERING PROVIDER. [X12 Info: Prof:2310B Inst:2310D],"BORAD, PRINSI",Not in a WorkGroup,False,False,False,2,2026-06-17T18:05:45.333050+00:00,pdfs/rejected_2024_2026/PV410393622_11618887290.pdf,True,
11618887289,12091144760,PV410393622,"NITHMER, MARTIN",4/21/2026,05/14/2026,Anthem (SB803),SB803,270.0,1,Rejected by Payer,REJECTED FOR INVALID INFORMATION. RENDERING PROVIDER NOT ON FILE FOR THE BILLING PROVIDER ADDRESS SUBMITTED. PLEASE UTILIZE THE PROVIDER DATA MANAGEMENT AT WWW.AVAILITY.COM FOR NEW PROVIDER ADD OR CONTACT PROVIDER SERVICES. [X12 INFO: 2310B-NM1]ACKNOWLEDGEMENT/REJECTED FOR MISSING INFORMATION - THE CLAIM/ENCOUNTER IS MISSING THE INFORMATION SPECIFIED IN THE STATUS DETAILS AND HAS BEEN REJECTED. STATUS: ENTITY'S CREDENTIAL/ENROLLMENT INFORMATION. NOTE: THIS CODE REQUIRES USE OF AN ENTITY CODE. ENTITY: RENDERING PROVIDER. [X12 Info: Prof:2310B Inst:2310D],"BORAD, PRINSI",Not in a WorkGroup,False,False,False,2,2026-06-17T18:06:48.128288+00:00,pdfs/rejected_2024_2026/PV410393622_11618887289.pdf,True,
11344674294,12085025162,PV410309894,"KUO, KATHRYN A",3/23/2026,05/14/2026,BCBSHEALTHPLUS (SB803),SB803,280.0,1,Rejected by Waystar,The procedure code reported has a DIAGNOSIS CODE POINTER (4) which points to a non-existent diagnosis code. Line ( #1) [X12 Info: 2400-SV107]The procedure code reported has a DIAGNOSIS CODE POINTER (4) which points to a non-existent diagnosis code. Line ( #2) [X12 Info: 2400-SV107]The procedure code reported has a DIAGNOSIS CODE POINTER (4) which points to a non-existent diagnosis code. Line ( #3) [X12 Info: 2400-SV107]The procedure code reported has a DIAGNOSIS CODE POINTER (4) which points to a non-existent diagnosis code. Line ( #4) [X12 Info: 2400-SV107]The procedure code reported has a DIAGNOSIS CODE POINTER (4) which points to a non-existent diagnosis code. Line ( #5) [X12 Info: 2400-SV107],"ABDELSALAM, YASSER",Not in a WorkGroup,True,False,False,0,2026-06-17T18:06:48.129260+00:00,pdfs/rejected_2024_2026/PV410309894_11344674294.pdf,True,
11732891334,12076239864,PV410393622,"NITHMER, MARTIN",5/11/2026,05/13/2026,NORTHWELL DIRECT (36149),36149,270.0,1,Rejected by Payer,"A3:21 CLAIM HAS BEEN REJECTED AS UNPROCESSABLE. MISSING OR INVALID INFORMATION. RESUBMIT TO ANTHEM. SERVICE PROVIDER METWALLY, SALMA (NPI : 1629877311 AND TIN : NULL), BILLING PROVIDER PHYSICAL THERAPY OF THE CITY (NPI : 1265940399 AND TIN : 823830674).","METWALLY, SALMA",Not in a WorkGroup,False,False,False,2,2026-06-17T18:06:48.130571+00:00,pdfs/rejected_2024_2026/PV410393622_11732891334.pdf,True,
11732886022,12076239455,PV410478481,"CARRINJTON, SHAKEBA",5/11/2026,05/13/2026,1199 (13162),13162,470.0,1,Rejected by Payer,A3:21 CLAIM HAS BEEN REJECTED AS UNPROCESSABLE. MISSING OR INVALID INFORMATION. ACKNOWLEDGEMENT REJECTED FOR INVALID INFORMATION-THE CLAIM ENCOUNTER IS HAS INVALID INFORMATION SPECIFIED IN THE STATUS DETAILS AND HAS BEEN REJECTED. STATUS DETAILS NOT FOUND. USAGE THIS CODE REQUIRES USE OF AN ENTIT..(REVIEW CLAIM DETAILS ONLINE),"ABOUSHOKKA, MOSTAFA",Not in a WorkGroup,False,False,False,2,2026-06-17T18:06:48.132918+00:00,pdfs/rejected_2024_2026/PV410478481_11732886022.pdf,True,
11723576447,12066968734,PV410393622,"NITHMER, MARTIN",5/8/2026,05/12/2026,NORTHWELL DIRECT (36149),36149,270.0,1,Rejected by Payer,"A3:21 CLAIM HAS BEEN REJECTED AS UNPROCESSABLE. MISSING OR INVALID INFORMATION. RESUBMIT TO ANTHEM. SERVICE PROVIDER METWALLY, SALMA (NPI : 1629877311 AND TIN : NULL), BILLING PROVIDER PHYSICAL THERAPY OF THE CITY (NPI : 1265940399 AND TIN : 823830674).","METWALLY, SALMA",Not in a WorkGroup,False,False,False,2,2026-06-17T18:06:48.135322+00:00,pdfs/rejected_2024_2026/PV410393622_11723576447.pdf,True,
11723575347,12066968408,PV410441641,"YIN, AI FENG",5/9/2026,05/12/2026,MARRIOTT CLAIMS SERVICE (J1431),J1431,375.0,1,Rejected by Intermediary,Property and Casualty Payer-Assigned Claim Number is missing or invalid. [X12 Info: 2010CA-REF02],"MAHMOUD, MUHAMMAD ABDELFATTAH",Upper Brooklyn Cluster,False,False,False,1,2026-06-17T18:06:48.136312+00:00,pdfs/rejected_2024_2026/PV410441641_11723575347.pdf,True,
11711759119,12054769383,PV410441641,"YIN, AI FENG",5/7/2026,05/09/2026,MARRIOTT CLAIMS SERVICE (J1431),J1431,430.0,1,Rejected by Intermediary,Property and Casualty Payer-Assigned Claim Number is missing or invalid. [X12 Info: 2010CA-REF02],"MAHMOUD, MUHAMMAD ABDELFATTAH",Upper Brooklyn Cluster,False,False,False,1,2026-06-17T18:06:48.137162+00:00,pdfs/rejected_2024_2026/PV410441641_11711759119.pdf,True,
11711758608,12054769113,PV410443314,"KIRKMAN, ANTHONY",4/28/2026,05/09/2026,ESURANCE (C1028),C1028,430.0,1,Rejected by Payer,PATIENT and/or SUBSCRIBER eligibility is not found with payer based on the submitted information. Verify that the patient information on the claim and electronic payer id matches the members ID card exactly. [X12 Info: 2010BA],"BALDANIYA, JANAK",Not in a WorkGroup,False,False,False,2,2026-06-17T18:06:48.138004+00:00,pdfs/rejected_2024_2026/PV410443314_11711758608.pdf,True,
11711758610,12054769114,PV410443314,"KIRKMAN, ANTHONY",4/30/2026,05/09/2026,ESURANCE (C1028),C1028,280.0,1,Rejected by Payer,PATIENT and/or SUBSCRIBER eligibility is not found with payer based on the submitted information. Verify that the patient information on the claim and electronic payer id matches the members ID card exactly. [X12 Info: 2010BA],"BALDANIYA, JANAK",Not in a WorkGroup,False,False,False,2,2026-06-17T18:06:48.140773+00:00,pdfs/rejected_2024_2026/PV410443314_11711758610.pdf,True,
11711758615,12054769081,PV410443314,"KIRKMAN, ANTHONY",5/4/2026,05/09/2026,ESURANCE (C1028),C1028,280.0,1,Rejected by Payer,PATIENT and/or SUBSCRIBER eligibility is not found with payer based on the submitted information. Verify that the patient information on the claim and electronic payer id matches the members ID card exactly. [X12 Info: 2010BA],"BETHI, NAINIKA KIRAN REDDY",Not in a WorkGroup,False,False,False,2,2026-06-17T18:06:48.143356+00:00,pdfs/rejected_2024_2026/PV410443314_11711758615.pdf,True,
11711758612,12054769037,PV410443314,"KIRKMAN, ANTHONY",4/29/2026,05/09/2026,ESURANCE (C1028),C1028,280.0,1,Rejected by Payer,PATIENT and/or SUBSCRIBER eligibility is not found with payer based on the submitted information. Verify that the patient information on the claim and electronic payer id matches the members ID card exactly. [X12 Info: 2010BA],"BETHI, NAINIKA KIRAN REDDY",Not in a WorkGroup,False,False,False,2,2026-06-17T18:06:48.144725+00:00,pdfs/rejected_2024_2026/PV410443314_11711758612.pdf,True,
11705482083,12048272323,PV49978031,"ECHEVARRIA FELIZ, INGRIT",5/6/2026,05/08/2026,HARTFORD INSURANCE COMPANY (J1422W),J1422W,320.0,1,Rejected by Intermediary,Payer Requires a Form of a Documentation or an Attachment for Procedure Code(s) billed. Please Submit Documentation on a Paper Claim. [X12 Info: Prof:2400-SV1 Inst:2400-SV2],"RALLAPALLI, NITHASHA",Not in a WorkGroup,False,False,False,1,2026-06-17T18:06:48.145831+00:00,pdfs/rejected_2024_2026/PV49978031_11705482083.pdf,True,
11690696692,12032711051,PV410212175,"MARCELLIN-GRANT, MOLLY",5/4/2026,05/06/2026,CORVEL ENTERPRISE (J4110),J4110,300.0,1,Rejected by Intermediary,CLAIM REJECTED FOR INVALID INFORMATION. CANNOT PROVIDE FURTHER STATUS ELECTRONICALLY THIS MESSAGE SHOULD BE ACCOMPANIED BY ANOTHER MORE DESCRIPTIVE REJECTION MESSAGE. CAREIQ PROVIDER PAYMENT HAS BEEN ISSUED [X12 Info: 2300-CLM] ,"MAHMOUD, MUHAMMAD ABDELFATTAH",Not in a WorkGroup,False,False,False,1,2026-06-17T18:06:48.147112+00:00,pdfs/rejected_2024_2026/PV410212175_11690696692.pdf,True,
11326497190,11971474442,PV410368418,"SARKAR, NANDITA",3/19/2026,04/29/2026,EMBLEMHIP (55247),55247,310.0,1,Rejected by Payer,Original Reference Number (Payer Claim Control Number) is invalid. Must be 12 digits for payer. Please use the ICN from the first submission of the claim. [X12 Info: 2300-REF02]REJECTED FOR INVALID INFORMATION - NO FURTHER INFORMATION PROVIDED BY THE PAYER [X12 INFO: 2300-CLM]CLAIM HAS BEEN REJECTED FOR MISSING OR INVALID INFORMATION. FURTHER INFORMATION MAY NOT HAVE BEEN PROVIDED BY THE PAYER. . [X12 Info: 2300-CLM]ACK REJECTED FOR INVALID INFORMATION. CLAIM ENCOUNTER HAS INVALID INFORMATION AS SPECIFIED IN STATUS DETAILS AND BEEN REJECTED. MISSING OR INVALID INFORMATION. [X12 INFO: 2300-CLM] 2026084T0051300 ORIGINAL REFERENCE NUMBER MUST BE 12 CHARACTERS. ,"ANEES, FATIMA",Not in a WorkGroup,True,False,False,2,2026-06-17T18:06:48.148378+00:00,pdfs/rejected_2024_2026/PV410368418_11326497190.pdf,True,
11628184551,11968835359,PV49996149,"TOBY, JEMIMA NO E-STIMS",4/24/2026,04/29/2026,CORVEL ENTERPRISE (J4110),J4110,300.0,1,Rejected by Intermediary,CLAIM REJECTED FOR INVALID INFORMATION. CANNOT PROVIDE FURTHER STATUS ELECTRONICALLY THIS MESSAGE SHOULD BE ACCOMPANIED BY ANOTHER MORE DESCRIPTIVE REJECTION MESSAGE. CAREIQ PROVIDER PAYMENT HAS BEEN ISSUED [X12 Info: 2300-CLM] ,"ABOUSHOKKA, MOSTAFA",Not in a WorkGroup,False,False,False,1,2026-06-17T18:06:48.149628+00:00,pdfs/rejected_2024_2026/PV49996149_11628184551.pdf,True,
11628184558,11968835237,PV49996149,"TOBY, JEMIMA NO E-STIMS",4/27/2026,04/29/2026,CORVEL ENTERPRISE (J4110),J4110,300.0,1,Rejected by Intermediary,CLAIM REJECTED FOR INVALID INFORMATION. CANNOT PROVIDE FURTHER STATUS ELECTRONICALLY THIS MESSAGE SHOULD BE ACCOMPANIED BY ANOTHER MORE DESCRIPTIVE REJECTION MESSAGE. CAREIQ PROVIDER PAYMENT HAS BEEN ISSUED [X12 Info: 2300-CLM] ,"ABOUSHOKKA, MOSTAFA",Not in a WorkGroup,False,False,False,1,2026-06-17T18:06:48.150890+00:00,pdfs/rejected_2024_2026/PV49996149_11628184558.pdf,True,
11243064830,11953370599,PV410335667,"GRIFFIN, IAN",2/26/2026,04/27/2026,ANTHEM COMMERCIAL ZAYA (06105),06105,410.0,1,Rejected by Waystar,Subscriber's contract/member ID is invalid. Verify the subscriber ID is entered exactly as it appears on the member's ID card. [X12 Info: 2010BA-NM109],"LAMA, NITU",Not in a WorkGroup,False,False,False,0,2026-06-17T18:06:48.152380+00:00,pdfs/rejected_2024_2026/PV410335667_11243064830.pdf,True,
11357954354,11951671693,PV410195670,"GUEBARA, MILAGROUS",3/26/2026,04/27/2026,EMBLEM MEDICAID (55247),55247,340.0,1,Rejected by Payer,Original Reference Number (Payer Claim Control Number) is invalid. Must be 12 digits for payer. Please use the ICN from the first submission of the claim. [X12 Info: 2300-REF02]REJECTED FOR INVALID INFORMATION - NO FURTHER INFORMATION PROVIDED BY THE PAYER [X12 INFO: 2300-CLM]CLAIM HAS BEEN REJECTED FOR MISSING OR INVALID INFORMATION. FURTHER INFORMATION MAY NOT HAVE BEEN PROVIDED BY THE PAYER. . [X12 Info: 2300-CLM]ACK REJECTED FOR INVALID INFORMATION. CLAIM ENCOUNTER HAS INVALID INFORMATION AS SPECIFIED IN STATUS DETAILS AND BEEN REJECTED. MISSING OR INVALID INFORMATION. [X12 INFO: 2300-CLM] 2026089T0023700 ORIGINAL REFERENCE NUMBER MUST BE 12 CHARACTERS. ,"HASSANEN, MOAMEN",Not in a WorkGroup,True,False,False,2,2026-06-17T18:06:48.153292+00:00,pdfs/rejected_2024_2026/PV410195670_11357954354.pdf,True,
11385234877,11951664640,PV410195670,"GUEBARA, MILAGROUS",3/31/2026,04/27/2026,EMBLEM MEDICAID (55247),55247,240.0,1,Rejected by Payer,Original Reference Number (Payer Claim Control Number) is invalid. Must be 12 digits for payer. Please use the ICN from the first submission of the claim. [X12 Info: 2300-REF02]REJECTED FOR INVALID INFORMATION - NO FURTHER INFORMATION PROVIDED BY THE PAYER [X12 INFO: 2300-CLM]CLAIM HAS BEEN REJECTED FOR MISSING OR INVALID INFORMATION. FURTHER INFORMATION MAY NOT HAVE BEEN PROVIDED BY THE PAYER. . [X12 Info: 2300-CLM]ACK REJECTED FOR INVALID INFORMATION. CLAIM ENCOUNTER HAS INVALID INFORMATION AS SPECIFIED IN STATUS DETAILS AND BEEN REJECTED. MISSING OR INVALID INFORMATION. [X12 INFO: 2300-CLM] 2026093T0017500 ORIGINAL REFERENCE NUMBER MUST BE 12 CHARACTERS. ,"HASSANEN, MOAMEN",Not in a WorkGroup,True,False,False,2,2026-06-17T18:06:48.154077+00:00,pdfs/rejected_2024_2026/PV410195670_11385234877.pdf,True,
11344673268,11843551978,PV49969200,"JENNINGS, ANDREA",3/23/2026,04/17/2026,FCS ADMINISTRATORS INC (J3933W),J3933W,390.0,1,Rejected by Payer,REJECTED FOR INVALID INFORMATION. PATIENT ELIGIBILITY NOT FOUND. CLAIM FAILED BENEFITS AND ELIGIBILITY LOOK UP. [X12 INFO: 2010BA-NM109],"BALDANIYA, JANAK",Upper Brooklyn Cluster,False,False,False,2,2026-06-17T18:06:48.155310+00:00,pdfs/rejected_2024_2026/PV49969200_11344673268.pdf,True,
11501783065,11839749794,PV49969200,"JENNINGS, ANDREA",4/8/2026,04/17/2026,FCS ADMINISTRATORS INC (J3933W),J3933W,390.0,1,Rejected by Payer,REJECTED FOR INVALID INFORMATION. PATIENT ELIGIBILITY NOT FOUND. CLAIM FAILED BENEFITS AND ELIGIBILITY LOOK UP. [X12 INFO: 2010BA-NM109],"BETHI, NAINIKA KIRAN REDDY",Upper Brooklyn Cluster,False,False,False,2,2026-06-17T18:06:48.157591+00:00,pdfs/rejected_2024_2026/PV49969200_11501783065.pdf,True,
10904221586,11771219660,PV410145804,"CRUZ THEN, MILAGROS M",1/7/2026,04/10/2026,HEALTHFIRSTMEDICARE (80141),80141,310.0,1,Rejected by Payer,Claim has been rejected. Information submitted on this claim is inconsistent with the payer's billing guidelines. Refer to additional rejection (if present) for details. [X12 Info: 2300-CLM],"ANEES, FATIMA",Not in a WorkGroup,True,False,False,2,2026-06-17T18:06:48.159862+00:00,pdfs/rejected_2024_2026/PV410145804_10904221586.pdf,True,
11257800232,11765533931,PV410157889,"ALI, MDNAMOR",3/11/2026,04/09/2026,BCBS NEW YORK EMPIRE (SB803),SB803,300.0,1,Rejected by Payer,REJECTED FOR INVALID INFORMATION. RENDERING PROVIDER NOT ON FILE FOR THE BILLING PROVIDER ADDRESS SUBMITTED. PLEASE UTILIZE THE PROVIDER DATA MANAGEMENT AT WWW.AVAILITY.COM FOR NEW PROVIDER ADD OR CONTACT PROVIDER SERVICES. [X12 INFO: 2310B-NM1]ACKNOWLEDGEMENT/REJECTED FOR MISSING INFORMATION - THE CLAIM/ENCOUNTER IS MISSING THE INFORMATION SPECIFIED IN THE STATUS DETAILS AND HAS BEEN REJECTED. STATUS: ENTITY'S CREDENTIAL/ENROLLMENT INFORMATION. NOTE: THIS CODE REQUIRES USE OF AN ENTITY CODE. ENTITY: RENDERING PROVIDER. [X12 Info: Prof:2310B Inst:2310D],"ABDELSALAM, YASSER",Not in a WorkGroup,True,False,False,2,2026-06-17T18:06:48.162201+00:00,pdfs/rejected_2024_2026/PV410157889_11257800232.pdf,True,
11286551354,11618107086,PV410011896,"RUMBLE, JOAN",3/16/2026,03/18/2026,AETNA COMMERCIAL ZAYA (Z96202MC),Z96202MC,260.0,1,Rejected by Waystar,REJECTED FOR PRINT ON FORM [X12 INFO: 2300],"ABOUSHOKKA, MOSTAFA",Not in a WorkGroup,False,False,False,0,2026-06-17T18:06:48.164468+00:00,pdfs/rejected_2024_2026/PV410011896_11286551354.pdf,True,
11286550114,11618106676,PV410210259,"SMALLS, SHANTE",3/16/2026,03/18/2026,AETNA COMMERCIAL ZAYA (Z96202MC),Z96202MC,310.0,1,Rejected by Waystar,REJECTED FOR PRINT ON FORM [X12 INFO: 2300],"CHAVDA, RADHIKA",Not in a WorkGroup,False,False,False,0,2026-06-17T18:06:48.166708+00:00,pdfs/rejected_2024_2026/PV410210259_11286550114.pdf,True,
